Sentido,Linha,NoVeículo,TotalGiros,KmPerc,timestamp,Data_inicio,Hora_inicio,Data_fim,Hora_fim,Dia_semana,DuracaoViagem,Classificação
Volta,100,225,6,16308,1548989160,2019-02-01,00:46:00,2019-02-01,01:28:00,Friday,00:42:00,Esperado
Volta,100,225,14,16308,1548991680,2019-02-01,01:28:00,2019-02-01,02:30:00,Friday,01:02:00,Acima do esperado
Volta,100,225,11,16308,1548995400,2019-02-01,02:30:00,2019-02-01,03:28:00,Friday,00:58:00,Esperado
Volta,100,225,0,16308,1548998880,2019-02-01,03:28:00,2019-02-01,04:15:00,Friday,00:47:00,Esperado
Volta,100,225,4,16308,1549001700,2019-02-01,04:15:00,2019-02-01,05:40:00,Friday,01:25:00,Acima do esperado
Volta,100,225,8,16308,1548902040,2019-01-31,00:34:00,2019-01-31,01:29:00,Thursday,00:55:00,Esperado
Volta,100,225,2,16308,1548905340,2019-01-31,01:29:00,2019-01-31,02:34:00,Thursday,01:05:00,Acima do esperado
Volta,100,225,6,16308,1548909240,2019-01-31,02:34:00,2019-01-31,03:28:00,Thursday,00:54:00,Esperado
Volta,100,225,0,16308,1548912480,2019-01-31,03:28:00,2019-01-31,04:14:00,Thursday,00:46:00,Esperado
Volta,100,225,4,16308,1548915420,2019-01-31,04:17:00,2019-01-31,04:50:00,Thursday,00:33:00,Esperado
Volta,100,229,7,16308,1548815640,2019-01-30,00:34:00,2019-01-30,01:30:00,Wednesday,00:56:00,Esperado
Volta,100,229,4,16308,1548819000,2019-01-30,01:30:00,2019-01-30,02:08:00,Wednesday,00:38:00,Esperado
Volta,100,229,2,16308,1548823440,2019-01-30,02:44:00,2019-01-30,03:32:00,Wednesday,00:48:00,Esperado
Volta,100,229,0,16308,1548826320,2019-01-30,03:32:00,2019-01-30,03:58:00,Wednesday,00:26:00,Esperado
Volta,100,229,5,16308,1548828960,2019-01-30,04:16:00,2019-01-30,04:51:00,Wednesday,00:35:00,Esperado
Volta,100,263,8,16308,1548729600,2019-01-29,00:40:00,2019-01-29,01:31:00,Tuesday,00:51:00,Esperado
Volta,100,263,5,16308,1548732660,2019-01-29,01:31:00,2019-01-29,02:32:00,Tuesday,01:01:00,Acima do esperado
Volta,100,263,1,16308,1548736320,2019-01-29,02:32:00,2019-01-29,03:03:00,Tuesday,00:31:00,Esperado
Volta,100,263,0,16308,1548739620,2019-01-29,03:27:00,2019-01-29,03:59:00,Tuesday,00:32:00,Esperado
Volta,100,263,0,16308,1548741540,2019-01-29,03:59:00,2019-01-29,04:15:00,Tuesday,00:16:00,Abaixo do esperado
Volta,100,263,7,16308,1548742500,2019-01-29,04:15:00,2019-01-29,05:12:00,Tuesday,00:57:00,Esperado
Volta,100,231,10,16308,1548642600,2019-01-28,00:30:00,2019-01-28,01:19:00,Monday,00:49:00,Esperado
Volta,100,231,5,16308,1548646020,2019-01-28,01:27:00,2019-01-28,02:01:00,Monday,00:34:00,Esperado
Volta,100,231,4,16308,1548649560,2019-01-28,02:26:00,2019-01-28,04:15:00,Monday,01:49:00,Acima do esperado
Volta,100,231,4,16308,1548656100,2019-01-28,04:15:00,2019-01-28,05:47:00,Monday,01:32:00,Acima do esperado
Volta,100,271,5,16308,1548556380,2019-01-27,00:33:00,2019-01-27,01:28:00,Sunday,00:55:00,Esperado
Volta,100,271,3,16308,1548559680,2019-01-27,01:28:00,2019-01-27,02:28:00,Sunday,01:00:00,Acima do esperado
Volta,100,271,5,16308,1548563460,2019-01-27,02:31:00,2019-01-27,03:29:00,Sunday,00:58:00,Esperado
Volta,100,271,7,16308,1548566940,2019-01-27,03:29:00,2019-01-27,04:29:00,Sunday,01:00:00,Acima do esperado
Volta,100,271,6,16308,1548570540,2019-01-27,04:29:00,2019-01-27,05:01:00,Sunday,00:32:00,Esperado
Volta,100,279,7,16308,1548469980,2019-01-26,00:33:00,2019-01-26,01:06:00,Saturday,00:33:00,Esperado
Volta,100,279,5,16308,1548473460,2019-01-26,01:31:00,2019-01-26,02:00:00,Saturday,00:29:00,Esperado
Volta,100,279,9,16308,1548476820,2019-01-26,02:27:00,2019-01-26,03:02:00,Saturday,00:35:00,Esperado
Volta,100,279,2,16308,1548480660,2019-01-26,03:31:00,2019-01-26,04:30:00,Saturday,00:59:00,Esperado
Volta,100,279,7,16308,1548484200,2019-01-26,04:30:00,2019-01-26,04:58:00,Saturday,00:28:00,Esperado
Volta,100,251,12,16308,1548383820,2019-01-25,00:37:00,2019-01-25,01:30:00,Friday,00:53:00,Esperado
Volta,100,251,9,16308,1548387000,2019-01-25,01:30:00,2019-01-25,02:29:00,Friday,00:59:00,Esperado
Volta,100,251,7,16308,1548390600,2019-01-25,02:30:00,2019-01-25,03:28:00,Friday,00:58:00,Esperado
Volta,100,251,2,16308,1548394080,2019-01-25,03:28:00,2019-01-25,04:16:00,Friday,00:48:00,Esperado
Volta,100,251,6,16308,1548396960,2019-01-25,04:16:00,2019-01-25,05:43:00,Friday,01:27:00,Acima do esperado
Volta,100,224,10,16308,1548297120,2019-01-24,00:32:00,2019-01-24,01:33:00,Thursday,01:01:00,Acima do esperado
Volta,100,224,5,16308,1548300780,2019-01-24,01:33:00,2019-01-24,02:05:00,Thursday,00:32:00,Esperado
Volta,100,224,3,16308,1548304020,2019-01-24,02:27:00,2019-01-24,03:27:00,Thursday,01:00:00,Acima do esperado
Volta,100,224,0,16308,1548307680,2019-01-24,03:28:00,2019-01-24,04:16:00,Thursday,00:48:00,Esperado
Volta,100,224,3,16308,1548310560,2019-01-24,04:16:00,2019-01-24,05:45:00,Thursday,01:29:00,Acima do esperado
Volta,100,225,8,16308,1548211440,2019-01-23,00:44:00,2019-01-23,01:29:00,Wednesday,00:45:00,Esperado
Volta,100,225,5,16308,1548214140,2019-01-23,01:29:00,2019-01-23,02:33:00,Wednesday,01:04:00,Acima do esperado
Volta,100,225,5,16308,1548217980,2019-01-23,02:33:00,2019-01-23,03:26:00,Wednesday,00:53:00,Esperado
Volta,100,225,2,16308,1548221160,2019-01-23,03:26:00,2019-01-23,04:00:00,Wednesday,00:34:00,Esperado
Volta,100,225,0,16308,1548223200,2019-01-23,04:00:00,2019-01-23,04:14:00,Wednesday,00:14:00,Abaixo do esperado
Volta,100,225,4,16308,1548224100,2019-01-23,04:15:00,2019-01-23,05:47:00,Wednesday,01:32:00,Acima do esperado
Volta,100,224,12,16308,1548124800,2019-01-22,00:40:00,2019-01-22,01:28:00,Tuesday,00:48:00,Esperado
Volta,100,224,1,16308,1548127680,2019-01-22,01:28:00,2019-01-22,02:28:00,Tuesday,01:00:00,Acima do esperado
Volta,100,224,0,16308,1548131280,2019-01-22,02:28:00,2019-01-22,03:00:00,Tuesday,00:32:00,Esperado
Volta,100,224,7,16308,1548133200,2019-01-22,03:00:00,2019-01-22,04:16:00,Tuesday,01:16:00,Acima do esperado
Volta,100,224,8,16308,1548137760,2019-01-22,04:16:00,2019-01-22,05:33:00,Tuesday,01:17:00,Acima do esperado
Volta,100,224,4,16308,1548038040,2019-01-21,00:34:00,2019-01-21,01:30:00,Monday,00:56:00,Esperado
Volta,100,224,8,16308,1548041400,2019-01-21,01:30:00,2019-01-21,02:31:00,Monday,01:01:00,Acima do esperado
Volta,100,224,6,16308,1548045060,2019-01-21,02:31:00,2019-01-21,03:26:00,Monday,00:55:00,Esperado
Volta,100,224,7,16308,1548048360,2019-01-21,03:26:00,2019-01-21,04:16:00,Monday,00:50:00,Esperado
Volta,100,224,5,16308,1548051360,2019-01-21,04:16:00,2019-01-21,05:44:00,Monday,01:28:00,Acima do esperado
Volta,100,271,6,16308,1547951400,2019-01-20,00:30:00,2019-01-20,01:00:00,Sunday,00:30:00,Esperado
Volta,100,271,8,16308,1547954940,2019-01-20,01:29:00,2019-01-20,01:58:00,Sunday,00:29:00,Esperado
Volta,100,271,8,16308,1547958480,2019-01-20,02:28:00,2019-01-20,03:00:00,Sunday,00:32:00,Esperado
Volta,100,271,7,16308,1547962140,2019-01-20,03:29:00,2019-01-20,04:02:00,Sunday,00:33:00,Esperado
Volta,100,271,8,16308,1547965620,2019-01-20,04:27:00,2019-01-20,04:55:00,Sunday,00:28:00,Esperado
Volta,100,274,11,16308,1547865360,2019-01-19,00:36:00,2019-01-19,01:29:00,Saturday,00:53:00,Esperado
Volta,100,274,16,16308,1547868540,2019-01-19,01:29:00,2019-01-19,02:30:00,Saturday,01:01:00,Acima do esperado
Volta,100,274,2,16308,1547872200,2019-01-19,02:30:00,2019-01-19,03:27:00,Saturday,00:57:00,Esperado
Volta,100,274,4,16308,1547875620,2019-01-19,03:27:00,2019-01-19,04:27:00,Saturday,01:00:00,Acima do esperado
Volta,100,274,6,16308,1547879220,2019-01-19,04:27:00,2019-01-19,06:07:00,Saturday,01:40:00,Acima do esperado
Volta,100,237,10,16308,1547779380,2019-01-18,00:43:00,2019-01-18,01:28:00,Friday,00:45:00,Esperado
Volta,100,237,9,16308,1547782080,2019-01-18,01:28:00,2019-01-18,02:33:00,Friday,01:05:00,Acima do esperado
Volta,100,237,9,16308,1547785980,2019-01-18,02:33:00,2019-01-18,03:28:00,Friday,00:55:00,Esperado
Volta,100,237,2,16308,1547789280,2019-01-18,03:28:00,2019-01-18,03:59:00,Friday,00:31:00,Esperado
Volta,100,237,6,16308,1547792040,2019-01-18,04:14:00,2019-01-18,05:41:00,Friday,01:27:00,Acima do esperado
Volta,100,224,9,16308,1547693100,2019-01-17,00:45:00,2019-01-17,01:29:00,Thursday,00:44:00,Esperado
Volta,100,224,4,16308,1547695740,2019-01-17,01:29:00,2019-01-17,02:29:00,Thursday,01:00:00,Acima do esperado
Volta,100,224,34,16308,1551411240,2019-03-01,00:34:00,2019-03-01,01:28:00,Friday,00:54:00,Esperado
Volta,100,224,15,16308,1551414600,2019-03-01,01:30:00,2019-03-01,02:20:00,Friday,00:50:00,Esperado
Volta,100,224,26,16308,1551417600,2019-03-01,02:20:00,2019-03-01,03:07:00,Friday,00:47:00,Esperado
Volta,100,224,0,16308,1551420480,2019-03-01,03:08:00,2019-03-01,03:27:00,Friday,00:19:00,Abaixo do esperado
Volta,100,224,8,16308,1551421620,2019-03-01,03:27:00,2019-03-01,04:13:00,Friday,00:46:00,Esperado
Volta,100,224,2,16308,1551424380,2019-03-01,04:13:00,2019-03-01,04:53:00,Friday,00:40:00,Esperado
Volta,100,263,7,16308,1551325380,2019-02-28,00:43:00,2019-02-28,01:30:00,Thursday,00:47:00,Esperado
Volta,100,263,13,16308,1551328200,2019-02-28,01:30:00,2019-02-28,02:06:00,Thursday,00:36:00,Esperado
Volta,100,263,4,16308,1551331980,2019-02-28,02:33:00,2019-02-28,03:33:00,Thursday,01:00:00,Acima do esperado
Volta,100,263,3,16308,1551335580,2019-02-28,03:33:00,2019-02-28,04:14:00,Thursday,00:41:00,Esperado
Volta,100,263,8,16308,1551338040,2019-02-28,04:14:00,2019-02-28,05:13:00,Thursday,00:59:00,Esperado
Volta,100,234,4,16308,1551239100,2019-02-27,00:45:00,2019-02-27,01:26:00,Wednesday,00:41:00,Esperado
Volta,100,234,4,16308,1551241560,2019-02-27,01:26:00,2019-02-27,02:28:00,Wednesday,01:02:00,Acima do esperado
Volta,100,234,5,16308,1551245280,2019-02-27,02:28:00,2019-02-27,03:05:00,Wednesday,00:37:00,Esperado
Volta,100,234,1,16308,1551248880,2019-02-27,03:28:00,2019-02-27,04:14:00,Wednesday,00:46:00,Esperado
Volta,100,234,5,16308,1551251700,2019-02-27,04:15:00,2019-02-27,04:50:00,Wednesday,00:35:00,Esperado
Volta,100,263,7,16308,1551152640,2019-02-26,00:44:00,2019-02-26,01:18:00,Tuesday,00:34:00,Esperado
Volta,100,263,0,16308,1551154680,2019-02-26,01:18:00,2019-02-26,01:29:00,Tuesday,00:11:00,Abaixo do esperado
Volta,100,263,4,16308,1551155340,2019-02-26,01:29:00,2019-02-26,02:30:00,Tuesday,01:01:00,Acima do esperado
Volta,100,263,2,16308,1551159000,2019-02-26,02:30:00,2019-02-26,03:04:00,Tuesday,00:34:00,Esperado
Volta,100,263,0,16308,1551161040,2019-02-26,03:04:00,2019-02-26,03:25:00,Tuesday,00:21:00,Abaixo do esperado
Volta,100,263,0,16308,1551162300,2019-02-26,03:25:00,2019-02-26,03:57:00,Tuesday,00:32:00,Esperado
Volta,100,263,0,16308,1551164220,2019-02-26,03:57:00,2019-02-26,04:14:00,Tuesday,00:17:00,Abaixo do esperado
Volta,100,263,6,16308,1551165240,2019-02-26,04:14:00,2019-02-26,04:50:00,Tuesday,00:36:00,Esperado
Volta,100,237,6,16308,1551065340,2019-02-25,00:29:00,2019-02-25,01:31:00,Monday,01:02:00,Acima do esperado
Volta,100,237,10,16308,1551069060,2019-02-25,01:31:00,2019-02-25,02:29:00,Monday,00:58:00,Esperado
Volta,100,237,1,16308,1551072540,2019-02-25,02:29:00,2019-02-25,03:27:00,Monday,00:58:00,Esperado
Volta,100,237,1,16308,1551076140,2019-02-25,03:29:00,2019-02-25,04:15:00,Monday,00:46:00,Esperado
Volta,100,237,2,16308,1551078900,2019-02-25,04:15:00,2019-02-25,04:25:00,Monday,00:10:00,Abaixo do esperado
Volta,100,237,3,16308,1551079500,2019-02-25,04:25:00,2019-02-25,04:46:00,Monday,00:21:00,Abaixo do esperado
Volta,100,273,8,16308,1550978940,2019-02-24,00:29:00,2019-02-24,01:08:00,Sunday,00:39:00,Esperado
Volta,100,273,11,16308,1550982480,2019-02-24,01:28:00,2019-02-24,02:27:00,Sunday,00:59:00,Esperado
Volta,100,273,11,16308,1550986020,2019-02-24,02:27:00,2019-02-24,03:01:00,Sunday,00:34:00,Esperado
Volta,100,273,4,16308,1550989620,2019-02-24,03:27:00,2019-02-24,03:56:00,Sunday,00:29:00,Esperado
Volta,100,273,3,16308,1550993280,2019-02-24,04:28:00,2019-02-24,04:59:00,Sunday,00:31:00,Esperado
Volta,100,271,15,16308,1550892720,2019-02-23,00:32:00,2019-02-23,01:05:00,Saturday,00:33:00,Esperado
Volta,100,271,23,16308,1550896140,2019-02-23,01:29:00,2019-02-23,02:04:00,Saturday,00:35:00,Esperado
Volta,100,271,23,16308,1550899740,2019-02-23,02:29:00,2019-02-23,03:00:00,Saturday,00:31:00,Esperado
Volta,100,271,12,16308,1550903340,2019-02-23,03:29:00,2019-02-23,03:57:00,Saturday,00:28:00,Esperado
Volta,100,271,14,16308,1550906940,2019-02-23,04:29:00,2019-02-23,05:03:00,Saturday,00:34:00,Esperado
Volta,100,224,9,16308,1550806740,2019-02-22,00:39:00,2019-02-22,01:29:00,Friday,00:50:00,Esperado
Volta,100,224,8,16308,1550809740,2019-02-22,01:29:00,2019-02-22,02:29:00,Friday,01:00:00,Acima do esperado
Volta,100,224,5,16308,1550813460,2019-02-22,02:31:00,2019-02-22,03:30:00,Friday,00:59:00,Esperado
Volta,100,224,3,16308,1550817000,2019-02-22,03:30:00,2019-02-22,04:16:00,Friday,00:46:00,Esperado
Volta,100,224,4,16308,1550819760,2019-02-22,04:16:00,2019-02-22,05:56:00,Friday,01:40:00,Acima do esperado
Volta,100,224,18,16308,1550720700,2019-02-21,00:45:00,2019-02-21,01:30:00,Thursday,00:45:00,Esperado
Volta,100,224,7,16308,1550723460,2019-02-21,01:31:00,2019-02-21,02:28:00,Thursday,00:57:00,Esperado
Volta,100,224,6,16308,1550726940,2019-02-21,02:29:00,2019-02-21,03:30:00,Thursday,01:01:00,Acima do esperado
Volta,100,224,0,16308,1550730600,2019-02-21,03:30:00,2019-02-21,03:57:00,Thursday,00:27:00,Esperado
Volta,100,224,0,16308,1550732280,2019-02-21,03:58:00,2019-02-21,04:12:00,Thursday,00:14:00,Abaixo do esperado
Volta,100,224,4,16308,1550733360,2019-02-21,04:16:00,2019-02-21,04:51:00,Thursday,00:35:00,Esperado
Volta,100,247,9,16308,1550633640,2019-02-20,00:34:00,2019-02-20,01:34:00,Wednesday,01:00:00,Acima do esperado
Volta,100,247,9,16308,1550637240,2019-02-20,01:34:00,2019-02-20,02:06:00,Wednesday,00:32:00,Esperado
Volta,100,247,2,16308,1550640660,2019-02-20,02:31:00,2019-02-20,03:04:00,Wednesday,00:33:00,Esperado
Volta,100,247,1,16308,1550644080,2019-02-20,03:28:00,2019-02-20,04:04:00,Wednesday,00:36:00,Esperado
Volta,100,247,5,16308,1550646900,2019-02-20,04:15:00,2019-02-20,04:51:00,Wednesday,00:36:00,Esperado
Volta,100,231,4,16308,1550547480,2019-02-19,00:38:00,2019-02-19,01:28:00,Tuesday,00:50:00,Esperado
Volta,100,231,2,16308,1550550480,2019-02-19,01:28:00,2019-02-19,02:28:00,Tuesday,01:00:00,Acima do esperado
Volta,100,231,2,16308,1550554140,2019-02-19,02:29:00,2019-02-19,03:27:00,Tuesday,00:58:00,Esperado
Volta,100,231,2,16308,1550557620,2019-02-19,03:27:00,2019-02-19,04:15:00,Tuesday,00:48:00,Esperado
Volta,100,231,7,16308,1550560500,2019-02-19,04:15:00,2019-02-19,05:48:00,Tuesday,01:33:00,Acima do esperado
Volta,100,235,6,16308,1550461380,2019-02-18,00:43:00,2019-02-18,01:29:00,Monday,00:46:00,Esperado
Volta,100,235,3,16308,1550464140,2019-02-18,01:29:00,2019-02-18,02:02:00,Monday,00:33:00,Esperado
Volta,100,235,4,16308,1550467740,2019-02-18,02:29:00,2019-02-18,03:26:00,Monday,00:57:00,Esperado
Volta,100,235,0,16308,1550471220,2019-02-18,03:27:00,2019-02-18,04:15:00,Monday,00:48:00,Esperado
Volta,100,235,3,16308,1550474100,2019-02-18,04:15:00,2019-02-18,05:54:00,Monday,01:39:00,Acima do esperado
Volta,100,273,11,16308,1550374320,2019-02-17,00:32:00,2019-02-17,01:03:00,Sunday,00:31:00,Esperado
Volta,100,273,2,16308,1550377680,2019-02-17,01:28:00,2019-02-17,01:58:00,Sunday,00:30:00,Esperado
Volta,100,273,3,16308,1550381280,2019-02-17,02:28:00,2019-02-17,02:57:00,Sunday,00:29:00,Esperado
Volta,100,273,4,16308,1550385060,2019-02-17,03:31:00,2019-02-17,03:58:00,Sunday,00:27:00,Esperado
Volta,100,273,9,16308,1550388540,2019-02-17,04:29:00,2019-02-17,05:01:00,Sunday,00:32:00,Esperado
Volta,100,272,4,16308,1550284260,2019-02-16,00:31:00,2019-02-16,01:26:00,Saturday,00:55:00,Esperado
Volta,100,272,10,16308,1550287560,2019-02-16,01:26:00,2019-02-16,02:31:00,Saturday,01:05:00,Acima do esperado
Volta,100,272,8,16308,1550291460,2019-02-16,02:31:00,2019-02-16,03:28:00,Saturday,00:57:00,Esperado
Volta,100,272,5,16308,1550294880,2019-02-16,03:28:00,2019-02-16,04:02:00,Saturday,00:34:00,Esperado
Volta,100,272,12,16308,1550296920,2019-02-16,04:02:00,2019-02-16,05:10:00,Saturday,01:08:00,Acima do esperado
Volta,100,225,9,16308,1550197920,2019-02-15,00:32:00,2019-02-15,01:31:00,Friday,00:59:00,Esperado
Volta,100,225,10,16308,1550201460,2019-02-15,01:31:00,2019-02-15,02:31:00,Friday,01:00:00,Acima do esperado
Volta,100,225,2,16308,1550205060,2019-02-15,02:31:00,2019-02-15,03:28:00,Friday,00:57:00,Esperado
Volta,100,225,2,16308,1550208480,2019-02-15,03:28:00,2019-02-15,04:16:00,Friday,00:48:00,Esperado
Volta,100,225,3,16308,1550211360,2019-02-15,04:16:00,2019-02-15,05:54:00,Friday,01:38:00,Acima do esperado
Volta,100,224,13,16308,1550111520,2019-02-14,00:32:00,2019-02-14,01:29:00,Thursday,00:57:00,Esperado
Volta,100,224,4,16308,1550114940,2019-02-14,01:29:00,2019-02-14,01:59:00,Thursday,00:30:00,Esperado
Volta,100,224,7,16308,1550118660,2019-02-14,02:31:00,2019-02-14,03:10:00,Thursday,00:39:00,Esperado
Volta,100,224,0,16308,1550121960,2019-02-14,03:26:00,2019-02-14,04:15:00,Thursday,00:49:00,Esperado
Volta,100,224,7,16308,1550124900,2019-02-14,04:15:00,2019-02-14,05:51:00,Thursday,01:36:00,Acima do esperado
Volta,100,234,10,16308,1550025720,2019-02-13,00:42:00,2019-02-13,01:20:00,Wednesday,00:38:00,Esperado
Volta,100,234,8,16308,1550028540,2019-02-13,01:29:00,2019-02-13,02:19:00,Wednesday,00:50:00,Esperado
Volta,100,234,4,16308,1550032020,2019-02-13,02:27:00,2019-02-13,03:28:00,Wednesday,01:01:00,Acima do esperado
Volta,100,234,2,16308,1550035680,2019-02-13,03:28:00,2019-02-13,04:15:00,Wednesday,00:47:00,Esperado
Volta,100,234,3,16308,1550038500,2019-02-13,04:15:00,2019-02-13,05:40:00,Wednesday,01:25:00,Acima do esperado
Volta,100,234,4,16308,1549938900,2019-02-12,00:35:00,2019-02-12,01:28:00,Tuesday,00:53:00,Esperado
Volta,100,234,6,16308,1549942080,2019-02-12,01:28:00,2019-02-12,02:03:00,Tuesday,00:35:00,Esperado
Volta,100,275,10,16308,1554090120,2019-04-01,00:42:00,2019-04-01,01:25:00,Monday,00:43:00,Esperado
Volta,100,275,4,16308,1554092820,2019-04-01,01:27:00,2019-04-01,02:31:00,Monday,01:04:00,Acima do esperado
Volta,100,275,2,16308,1554096660,2019-04-01,02:31:00,2019-04-01,03:24:00,Monday,00:53:00,Esperado
Volta,100,275,0,16308,1554100620,2019-04-01,03:37:00,2019-04-01,04:14:00,Monday,00:37:00,Esperado
Volta,100,275,4,16308,1554102840,2019-04-01,04:14:00,2019-04-01,04:51:00,Monday,00:37:00,Esperado
Volta,100,50327,3,16308,1553930760,2019-03-30,04:26:00,2019-03-30,04:54:00,Saturday,00:28:00,Esperado
Volta,100,273,8,16308,1554003060,2019-03-31,00:31:00,2019-03-31,01:03:00,Sunday,00:32:00,Esperado
Volta,100,273,31,16308,1554006600,2019-03-31,01:30:00,2019-03-31,02:06:00,Sunday,00:36:00,Esperado
Volta,100,273,5,16308,1554010200,2019-03-31,02:30:00,2019-03-31,03:03:00,Sunday,00:33:00,Esperado
Volta,100,273,7,16308,1554013620,2019-03-31,03:27:00,2019-03-31,04:00:00,Sunday,00:33:00,Esperado
Volta,100,273,5,16308,1554017340,2019-03-31,04:29:00,2019-03-31,05:00:00,Sunday,00:31:00,Esperado
Volta,100,276,18,16308,1553918160,2019-03-30,00:56:00,2019-03-30,01:37:00,Saturday,00:41:00,Esperado
Volta,100,276,18,16308,1553920620,2019-03-30,01:37:00,2019-03-30,02:09:00,Saturday,00:32:00,Esperado
Volta,100,276,15,16308,1553923740,2019-03-30,02:29:00,2019-03-30,03:28:00,Saturday,00:59:00,Esperado
Volta,100,276,4,16308,1553927280,2019-03-30,03:28:00,2019-03-30,03:59:00,Saturday,00:31:00,Esperado
Volta,100,261,17,16308,1553831520,2019-03-29,00:52:00,2019-03-29,01:27:00,Friday,00:35:00,Esperado
Volta,100,261,3,16308,1553833680,2019-03-29,01:28:00,2019-03-29,02:09:00,Friday,00:41:00,Esperado
Volta,100,261,6,16308,1553837340,2019-03-29,02:29:00,2019-03-29,03:20:00,Friday,00:51:00,Esperado
Volta,100,273,4,16308,1553840760,2019-03-29,03:26:00,2019-03-29,04:15:00,Friday,00:49:00,Esperado
Volta,100,273,6,16308,1553843700,2019-03-29,04:15:00,2019-03-29,05:34:00,Friday,01:19:00,Acima do esperado
Volta,100,271,12,16308,1553744100,2019-03-28,00:35:00,2019-03-28,01:29:00,Thursday,00:54:00,Esperado
Volta,100,271,13,16308,1553747340,2019-03-28,01:29:00,2019-03-28,02:06:00,Thursday,00:37:00,Esperado
Volta,100,271,2,16308,1553750940,2019-03-28,02:29:00,2019-03-28,03:05:00,Thursday,00:36:00,Esperado
Volta,100,275,4,16308,1553754420,2019-03-28,03:27:00,2019-03-28,04:16:00,Thursday,00:49:00,Esperado
Volta,100,275,2,16308,1553757360,2019-03-28,04:16:00,2019-03-28,04:50:00,Thursday,00:34:00,Esperado
Volta,100,272,10,16308,1553657700,2019-03-27,00:35:00,2019-03-27,01:22:00,Wednesday,00:47:00,Esperado
Volta,100,272,6,16308,1553661120,2019-03-27,01:32:00,2019-03-27,02:05:00,Wednesday,00:33:00,Esperado
Volta,100,272,6,16308,1553664480,2019-03-27,02:28:00,2019-03-27,03:30:00,Wednesday,01:02:00,Acima do esperado
Volta,100,272,0,16308,1553668200,2019-03-27,03:30:00,2019-03-27,04:15:00,Wednesday,00:45:00,Esperado
Volta,100,272,4,16308,1553670900,2019-03-27,04:15:00,2019-03-27,05:33:00,Wednesday,01:18:00,Acima do esperado
Volta,100,274,9,16308,1553571600,2019-03-26,00:40:00,2019-03-26,01:17:00,Tuesday,00:37:00,Esperado
Volta,100,274,0,16308,1553573820,2019-03-26,01:17:00,2019-03-26,01:29:00,Tuesday,00:12:00,Abaixo do esperado
Volta,100,274,6,16308,1553574600,2019-03-26,01:30:00,2019-03-26,02:29:00,Tuesday,00:59:00,Esperado
Volta,100,274,1,16308,1553578140,2019-03-26,02:29:00,2019-03-26,03:04:00,Tuesday,00:35:00,Esperado
Volta,100,274,0,16308,1553581560,2019-03-26,03:26:00,2019-03-26,03:59:00,Tuesday,00:33:00,Esperado
Volta,100,274,5,16308,1553584380,2019-03-26,04:13:00,2019-03-26,05:36:00,Tuesday,01:23:00,Acima do esperado
Volta,100,277,7,16308,1553484540,2019-03-25,00:29:00,2019-03-25,01:30:00,Monday,01:01:00,Acima do esperado
Volta,100,277,4,16308,1553488200,2019-03-25,01:30:00,2019-03-25,02:27:00,Monday,00:57:00,Esperado
Volta,100,277,4,16308,1553491620,2019-03-25,02:27:00,2019-03-25,03:27:00,Monday,01:00:00,Acima do esperado
Volta,100,277,3,16308,1553495220,2019-03-25,03:27:00,2019-03-25,04:14:00,Monday,00:47:00,Esperado
Volta,100,277,4,16308,1553498040,2019-03-25,04:14:00,2019-03-25,05:34:00,Monday,01:20:00,Acima do esperado
Volta,100,273,9,16308,1553398140,2019-03-24,00:29:00,2019-03-24,01:02:00,Sunday,00:33:00,Esperado
Volta,100,273,0,16308,1553400240,2019-03-24,01:04:00,2019-03-24,01:28:00,Sunday,00:24:00,Esperado
Volta,100,273,13,16308,1553401680,2019-03-24,01:28:00,2019-03-24,02:01:00,Sunday,00:33:00,Esperado
Volta,100,273,9,16308,1553405220,2019-03-24,02:27:00,2019-03-24,03:02:00,Sunday,00:35:00,Esperado
Volta,100,273,13,16308,1553408760,2019-03-24,03:26:00,2019-03-24,03:56:00,Sunday,00:30:00,Esperado
Volta,100,273,3,16308,1553412480,2019-03-24,04:28:00,2019-03-24,06:13:00,Sunday,01:45:00,Acima do esperado
Volta,100,275,19,16308,1553312040,2019-03-23,00:34:00,2019-03-23,01:08:00,Saturday,00:34:00,Esperado
Volta,100,275,23,16308,1553315460,2019-03-23,01:31:00,2019-03-23,02:02:00,Saturday,00:31:00,Esperado
Volta,100,275,4,16308,1553318940,2019-03-23,02:29:00,2019-03-23,02:56:00,Saturday,00:27:00,Esperado
Volta,100,275,13,16308,1553322600,2019-03-23,03:30:00,2019-03-23,04:01:00,Saturday,00:31:00,Esperado
Volta,100,275,2,16308,1553326260,2019-03-23,04:31:00,2019-03-23,05:01:00,Saturday,00:30:00,Esperado
Volta,100,272,21,16308,1553226240,2019-03-22,00:44:00,2019-03-22,01:25:00,Friday,00:41:00,Esperado
Volta,100,272,12,16308,1553229060,2019-03-22,01:31:00,2019-03-22,02:29:00,Friday,00:58:00,Esperado
Volta,100,272,4,16308,1553232540,2019-03-22,02:29:00,2019-03-22,03:05:00,Friday,00:36:00,Esperado
Volta,100,272,7,16308,1553236020,2019-03-22,03:27:00,2019-03-22,04:22:00,Friday,00:55:00,Esperado
Volta,100,272,1,16308,1553239320,2019-03-22,04:22:00,2019-03-22,04:49:00,Friday,00:27:00,Esperado
Volta,100,270,15,16308,1553139180,2019-03-21,00:33:00,2019-03-21,01:29:00,Thursday,00:56:00,Esperado
Volta,100,270,7,16308,1553142540,2019-03-21,01:29:00,2019-03-21,02:04:00,Thursday,00:35:00,Esperado
Volta,100,270,2,16308,1553145960,2019-03-21,02:26:00,2019-03-21,03:07:00,Thursday,00:41:00,Esperado
Volta,100,270,2,16308,1553149860,2019-03-21,03:31:00,2019-03-21,04:05:00,Thursday,00:34:00,Esperado
Volta,100,270,5,16308,1553152560,2019-03-21,04:16:00,2019-03-21,05:35:00,Thursday,01:19:00,Acima do esperado
Volta,100,271,7,16308,1553058960,2019-03-20,02:16:00,2019-03-20,03:09:00,Wednesday,00:53:00,Esperado
Volta,100,271,0,16308,1553062140,2019-03-20,03:09:00,2019-03-20,04:05:00,Wednesday,00:56:00,Esperado
Volta,100,271,3,16308,1553066100,2019-03-20,04:15:00,2019-03-20,05:36:00,Wednesday,01:21:00,Acima do esperado
Volta,100,272,15,16308,1553052840,2019-03-20,00:34:00,2019-03-20,01:24:00,Wednesday,00:50:00,Esperado
Volta,100,272,5,16308,1553056200,2019-03-20,01:30:00,2019-03-20,02:15:00,Wednesday,00:45:00,Esperado
Volta,100,270,7,16308,1552966620,2019-03-19,00:37:00,2019-03-19,01:22:00,Tuesday,00:45:00,Esperado
Volta,100,270,6,16308,1552969620,2019-03-19,01:27:00,2019-03-19,02:28:00,Tuesday,01:01:00,Acima do esperado
Volta,100,270,2,16308,1552973280,2019-03-19,02:28:00,2019-03-19,03:23:00,Tuesday,00:55:00,Esperado
Volta,100,270,0,16308,1552976580,2019-03-19,03:23:00,2019-03-19,04:14:00,Tuesday,00:51:00,Esperado
Volta,100,270,6,16308,1552979640,2019-03-19,04:14:00,2019-03-19,05:39:00,Tuesday,01:25:00,Acima do esperado
Volta,100,271,6,16308,1552879680,2019-03-18,00:28:00,2019-03-18,01:23:00,Monday,00:55:00,Esperado
Volta,100,271,9,16308,1552882980,2019-03-18,01:23:00,2019-03-18,02:29:00,Monday,01:06:00,Acima do esperado
Volta,100,271,1,16308,1552886940,2019-03-18,02:29:00,2019-03-18,03:05:00,Monday,00:36:00,Esperado
Volta,100,271,1,16308,1552889100,2019-03-18,03:05:00,2019-03-18,03:58:00,Monday,00:53:00,Esperado
Volta,100,271,0,16308,1552892280,2019-03-18,03:58:00,2019-03-18,04:14:00,Monday,00:16:00,Abaixo do esperado
Volta,100,271,5,16308,1552893240,2019-03-18,04:14:00,2019-03-18,04:54:00,Monday,00:40:00,Esperado
Volta,100,270,7,16308,1552793520,2019-03-17,00:32:00,2019-03-17,01:05:00,Sunday,00:33:00,Esperado
Volta,100,270,15,16308,1552796820,2019-03-17,01:27:00,2019-03-17,02:01:00,Sunday,00:34:00,Esperado
Volta,100,270,9,16308,1552800540,2019-03-17,02:29:00,2019-03-17,03:01:00,Sunday,00:32:00,Esperado
Volta,100,270,8,16308,1552804140,2019-03-17,03:29:00,2019-03-17,03:57:00,Sunday,00:28:00,Esperado
Volta,100,270,6,16308,1552807860,2019-03-17,04:31:00,2019-03-17,05:01:00,Sunday,00:30:00,Esperado
Volta,100,271,10,16308,1552706940,2019-03-16,00:29:00,2019-03-16,01:27:00,Saturday,00:58:00,Esperado
Volta,100,271,12,16308,1552710540,2019-03-16,01:29:00,2019-03-16,02:26:00,Saturday,00:57:00,Esperado
Volta,100,271,9,16308,1552713960,2019-03-16,02:26:00,2019-03-16,03:03:00,Saturday,00:37:00,Esperado
Volta,100,271,22,16308,1552716240,2019-03-16,03:04:00,2019-03-16,04:27:00,Saturday,01:23:00,Acima do esperado
Volta,100,271,9,16308,1552721220,2019-03-16,04:27:00,2019-03-16,06:05:00,Saturday,01:38:00,Acima do esperado
Volta,100,272,15,16308,1552621200,2019-03-15,00:40:00,2019-03-15,01:28:00,Friday,00:48:00,Esperado
Volta,100,272,5,16308,1552624080,2019-03-15,01:28:00,2019-03-15,02:30:00,Friday,01:02:00,Acima do esperado
Volta,100,272,6,16308,1552627800,2019-03-15,02:30:00,2019-03-15,03:32:00,Friday,01:02:00,Acima do esperado
Volta,100,272,4,16308,1552631520,2019-03-15,03:32:00,2019-03-15,04:16:00,Friday,00:44:00,Esperado
Volta,100,272,8,16308,1552634160,2019-03-15,04:16:00,2019-03-15,05:30:00,Friday,01:14:00,Acima do esperado
Volta,100,260,13,16308,1552534380,2019-03-14,00:33:00,2019-03-14,01:28:00,Thursday,00:55:00,Esperado
Volta,100,276,3,16308,1556681460,2019-05-01,00:31:00,2019-05-01,01:34:00,Wednesday,01:03:00,Acima do esperado
Volta,100,276,10,16308,1556685300,2019-05-01,01:35:00,2019-05-01,02:36:00,Wednesday,01:01:00,Acima do esperado
Volta,100,276,8,16308,1556688960,2019-05-01,02:36:00,2019-05-01,03:06:00,Wednesday,00:30:00,Esperado
Volta,100,276,7,16308,1556692200,2019-05-01,03:30:00,2019-05-01,04:30:00,Wednesday,01:00:00,Acima do esperado
Volta,100,276,7,16308,1556695800,2019-05-01,04:30:00,2019-05-01,04:58:00,Wednesday,00:28:00,Esperado
Volta,100,278,7,16308,1556595480,2019-04-30,00:38:00,2019-04-30,01:28:00,Tuesday,00:50:00,Esperado
Volta,100,278,4,16308,1556598480,2019-04-30,01:28:00,2019-04-30,02:27:00,Tuesday,00:59:00,Esperado
Volta,100,278,2,16308,1556602020,2019-04-30,02:27:00,2019-04-30,03:26:00,Tuesday,00:59:00,Esperado
Volta,100,278,0,16308,1556605560,2019-04-30,03:26:00,2019-04-30,04:15:00,Tuesday,00:49:00,Esperado
Volta,100,278,4,16308,1556608500,2019-04-30,04:15:00,2019-04-30,05:03:00,Tuesday,00:48:00,Esperado
Volta,100,275,3,16308,1556508840,2019-04-29,00:34:00,2019-04-29,02:29:00,Monday,01:55:00,Acima do esperado
Volta,100,275,4,16308,1556515740,2019-04-29,02:29:00,2019-04-29,03:27:00,Monday,00:58:00,Esperado
Volta,100,275,0,16308,1556519340,2019-04-29,03:29:00,2019-04-29,04:15:00,Monday,00:46:00,Esperado
Volta,100,275,3,16308,1556522100,2019-04-29,04:15:00,2019-04-29,05:17:00,Monday,01:02:00,Acima do esperado
Volta,100,50332,1,16308,1556349780,2019-04-27,04:23:00,2019-04-27,04:58:00,Saturday,00:35:00,Esperado
Volta,100,273,12,16308,1556422140,2019-04-28,00:29:00,2019-04-28,01:29:00,Sunday,01:00:00,Acima do esperado
Volta,100,273,8,16308,1556425740,2019-04-28,01:29:00,2019-04-28,02:31:00,Sunday,01:02:00,Acima do esperado
Volta,100,273,9,16308,1556429460,2019-04-28,02:31:00,2019-04-28,03:30:00,Sunday,00:59:00,Esperado
Volta,100,273,3,16308,1556433000,2019-04-28,03:30:00,2019-04-28,04:30:00,Sunday,01:00:00,Acima do esperado
Volta,100,273,3,16308,1556436600,2019-04-28,04:30:00,2019-04-28,06:13:00,Sunday,01:43:00,Acima do esperado
Volta,100,272,24,16308,1556335800,2019-04-27,00:30:00,2019-04-27,01:16:00,Saturday,00:46:00,Esperado
Volta,100,272,7,16308,1556339160,2019-04-27,01:26:00,2019-04-27,02:02:00,Saturday,00:36:00,Esperado
Volta,100,272,7,16308,1556342880,2019-04-27,02:28:00,2019-04-27,03:27:00,Saturday,00:59:00,Esperado
Volta,100,272,5,16308,1556346420,2019-04-27,03:27:00,2019-04-27,04:07:00,Saturday,00:40:00,Esperado
Volta,100,275,16,16308,1556249460,2019-04-26,00:31:00,2019-04-26,01:21:00,Friday,00:50:00,Esperado
Volta,100,275,6,16308,1556253060,2019-04-26,01:31:00,2019-04-26,02:15:00,Friday,00:44:00,Esperado
Volta,100,275,8,16308,1556256540,2019-04-26,02:29:00,2019-04-26,03:12:00,Friday,00:43:00,Esperado
Volta,100,275,0,16308,1556260560,2019-04-26,03:36:00,2019-04-26,04:12:00,Friday,00:36:00,Esperado
Volta,100,275,4,16308,1556262900,2019-04-26,04:15:00,2019-04-26,05:27:00,Friday,01:12:00,Acima do esperado
Volta,100,274,15,16308,1556163240,2019-04-25,00:34:00,2019-04-25,01:29:00,Thursday,00:55:00,Esperado
Volta,100,274,4,16308,1556166540,2019-04-25,01:29:00,2019-04-25,02:27:00,Thursday,00:58:00,Esperado
Volta,100,274,5,16308,1556170020,2019-04-25,02:27:00,2019-04-25,03:28:00,Thursday,01:01:00,Acima do esperado
Volta,100,274,1,16308,1556173680,2019-04-25,03:28:00,2019-04-25,04:02:00,Thursday,00:34:00,Esperado
Volta,100,274,5,16308,1556175720,2019-04-25,04:02:00,2019-04-25,05:29:00,Thursday,01:27:00,Acima do esperado
Volta,100,272,7,16308,1556077200,2019-04-24,00:40:00,2019-04-24,01:28:00,Wednesday,00:48:00,Esperado
Volta,100,272,2,16308,1556080080,2019-04-24,01:28:00,2019-04-24,02:03:00,Wednesday,00:35:00,Esperado
Volta,100,272,2,16308,1556083620,2019-04-24,02:27:00,2019-04-24,03:05:00,Wednesday,00:38:00,Esperado
Volta,100,272,0,16308,1556087280,2019-04-24,03:28:00,2019-04-24,04:03:00,Wednesday,00:35:00,Esperado
Volta,100,272,5,16308,1556089980,2019-04-24,04:13:00,2019-04-24,04:51:00,Wednesday,00:38:00,Esperado
Volta,100,272,11,16308,1555990380,2019-04-23,00:33:00,2019-04-23,01:27:00,Tuesday,00:54:00,Esperado
Volta,100,272,2,16308,1555993680,2019-04-23,01:28:00,2019-04-23,02:23:00,Tuesday,00:55:00,Esperado
Volta,100,272,1,16308,1555997100,2019-04-23,02:25:00,2019-04-23,03:27:00,Tuesday,01:02:00,Acima do esperado
Volta,100,272,6,16308,1556000820,2019-04-23,03:27:00,2019-04-23,04:05:00,Tuesday,00:38:00,Esperado
Volta,100,272,6,16308,1556003760,2019-04-23,04:16:00,2019-04-23,04:51:00,Tuesday,00:35:00,Esperado
Volta,100,278,9,16308,1555904580,2019-04-22,00:43:00,2019-04-22,01:18:00,Monday,00:35:00,Esperado
Volta,100,278,4,16308,1555907220,2019-04-22,01:27:00,2019-04-22,02:29:00,Monday,01:02:00,Acima do esperado
Volta,100,278,2,16308,1555911000,2019-04-22,02:30:00,2019-04-22,03:12:00,Monday,00:42:00,Esperado
Volta,100,278,0,16308,1555913520,2019-04-22,03:12:00,2019-04-22,04:10:00,Monday,00:58:00,Esperado
Volta,100,278,6,16308,1555917000,2019-04-22,04:10:00,2019-04-22,05:26:00,Monday,01:16:00,Acima do esperado
Volta,100,50332,3,16308,1555745340,2019-04-20,04:29:00,2019-04-20,04:57:00,Saturday,00:28:00,Esperado
Volta,100,275,8,16308,1555817340,2019-04-21,00:29:00,2019-04-21,01:28:00,Sunday,00:59:00,Esperado
Volta,100,275,9,16308,1555820880,2019-04-21,01:28:00,2019-04-21,02:28:00,Sunday,01:00:00,Acima do esperado
Volta,100,275,10,16308,1555824480,2019-04-21,02:28:00,2019-04-21,03:28:00,Sunday,01:00:00,Acima do esperado
Volta,100,275,9,16308,1555828080,2019-04-21,03:28:00,2019-04-21,04:28:00,Sunday,01:00:00,Acima do esperado
Volta,100,275,1,16308,1555831680,2019-04-21,04:28:00,2019-04-21,04:58:00,Sunday,00:30:00,Esperado
Volta,100,272,11,16308,1555731060,2019-04-20,00:31:00,2019-04-20,01:04:00,Saturday,00:33:00,Esperado
Volta,100,272,4,16308,1555734480,2019-04-20,01:28:00,2019-04-20,02:03:00,Saturday,00:35:00,Esperado
Volta,100,272,3,16308,1555738140,2019-04-20,02:29:00,2019-04-20,02:59:00,Saturday,00:30:00,Esperado
Volta,100,272,5,16308,1555741680,2019-04-20,03:28:00,2019-04-20,03:59:00,Saturday,00:31:00,Esperado
Volta,100,272,7,16308,1555644840,2019-04-19,00:34:00,2019-04-19,01:28:00,Friday,00:54:00,Esperado
Volta,100,272,23,16308,1555648080,2019-04-19,01:28:00,2019-04-19,02:24:00,Friday,00:56:00,Esperado
Volta,100,272,19,16308,1555651440,2019-04-19,02:24:00,2019-04-19,03:11:00,Friday,00:47:00,Esperado
Volta,100,272,7,16308,1555655280,2019-04-19,03:28:00,2019-04-19,04:31:00,Friday,01:03:00,Acima do esperado
Volta,100,272,5,16308,1555659060,2019-04-19,04:31:00,2019-04-19,05:06:00,Friday,00:35:00,Esperado
Volta,100,276,17,16308,1555558320,2019-04-18,00:32:00,2019-04-18,01:28:00,Thursday,00:56:00,Esperado
Volta,100,276,9,16308,1555561680,2019-04-18,01:28:00,2019-04-18,02:06:00,Thursday,00:38:00,Esperado
Volta,100,276,7,16308,1555565160,2019-04-18,02:26:00,2019-04-18,03:30:00,Thursday,01:04:00,Acima do esperado
Volta,100,276,3,16308,1555569000,2019-04-18,03:30:00,2019-04-18,04:14:00,Thursday,00:44:00,Esperado
Volta,100,276,6,16308,1555571640,2019-04-18,04:14:00,2019-04-18,04:48:00,Thursday,00:34:00,Esperado
Volta,100,272,11,16308,1555472580,2019-04-17,00:43:00,2019-04-17,01:31:00,Wednesday,00:48:00,Esperado
Volta,100,272,8,16308,1555475460,2019-04-17,01:31:00,2019-04-17,02:07:00,Wednesday,00:36:00,Esperado
Volta,100,272,0,16308,1555478280,2019-04-17,02:18:00,2019-04-17,02:30:00,Wednesday,00:12:00,Abaixo do esperado
Volta,100,272,3,16308,1555479000,2019-04-17,02:30:00,2019-04-17,03:29:00,Wednesday,00:59:00,Esperado
Volta,100,272,0,16308,1555482540,2019-04-17,03:29:00,2019-04-17,04:20:00,Wednesday,00:51:00,Esperado
Volta,100,272,5,16308,1555485600,2019-04-17,04:20:00,2019-04-17,05:29:00,Wednesday,01:09:00,Acima do esperado
Volta,100,276,9,16308,1555386300,2019-04-16,00:45:00,2019-04-16,01:31:00,Tuesday,00:46:00,Esperado
Volta,100,276,3,16308,1555389060,2019-04-16,01:31:00,2019-04-16,02:02:00,Tuesday,00:31:00,Esperado
Volta,100,276,0,16308,1555390920,2019-04-16,02:02:00,2019-04-16,02:26:00,Tuesday,00:24:00,Esperado
Volta,100,276,7,16308,1555392360,2019-04-16,02:26:00,2019-04-16,03:06:00,Tuesday,00:40:00,Esperado
Volta,100,276,1,16308,1555396020,2019-04-16,03:27:00,2019-04-16,04:13:00,Tuesday,00:46:00,Esperado
Volta,100,276,5,16308,1555398780,2019-04-16,04:13:00,2019-04-16,05:33:00,Tuesday,01:20:00,Acima do esperado
Volta,100,5148,0,16308,1559341800,2019-05-31,19:30:00,2019-05-31,19:40:00,Friday,00:10:00,Abaixo do esperado
Volta,100,310,10,16308,1559359920,2019-06-01,00:32:00,2019-06-01,01:06:00,Saturday,00:34:00,Esperado
Volta,100,310,18,16308,1559363400,2019-06-01,01:30:00,2019-06-01,02:12:00,Saturday,00:42:00,Esperado
Volta,100,310,3,16308,1559366940,2019-06-01,02:29:00,2019-06-01,03:02:00,Saturday,00:33:00,Esperado
Volta,100,310,4,16308,1559370600,2019-06-01,03:30:00,2019-06-01,04:30:00,Saturday,01:00:00,Acima do esperado
Volta,100,310,0,16308,1559374200,2019-06-01,04:30:00,2019-06-01,04:41:00,Saturday,00:11:00,Abaixo do esperado
Volta,100,271,12,16308,1559273460,2019-05-31,00:31:00,2019-05-31,01:28:00,Friday,00:57:00,Esperado
Volta,100,271,8,16308,1559276880,2019-05-31,01:28:00,2019-05-31,02:16:00,Friday,00:48:00,Esperado
Volta,100,271,0,16308,1559279760,2019-05-31,02:16:00,2019-05-31,02:29:00,Friday,00:13:00,Abaixo do esperado
Volta,100,271,7,16308,1559280540,2019-05-31,02:29:00,2019-05-31,03:14:00,Friday,00:45:00,Esperado
Volta,100,271,0,16308,1559283240,2019-05-31,03:14:00,2019-05-31,03:33:00,Friday,00:19:00,Abaixo do esperado
Volta,100,271,0,16308,1559284380,2019-05-31,03:33:00,2019-05-31,04:06:00,Friday,00:33:00,Esperado
Volta,100,271,0,16308,1559286360,2019-05-31,04:06:00,2019-05-31,04:16:00,Friday,00:10:00,Abaixo do esperado
Volta,100,271,7,16308,1559286960,2019-05-31,04:16:00,2019-05-31,05:29:00,Friday,01:13:00,Acima do esperado
Volta,100,271,20,16308,1559186880,2019-05-30,00:28:00,2019-05-30,01:22:00,Thursday,00:54:00,Esperado
Volta,100,271,8,16308,1559190600,2019-05-30,01:30:00,2019-05-30,02:31:00,Thursday,01:01:00,Acima do esperado
Volta,100,271,7,16308,1559194260,2019-05-30,02:31:00,2019-05-30,04:12:00,Thursday,01:41:00,Acima do esperado
Volta,100,271,4,16308,1559200320,2019-05-30,04:12:00,2019-05-30,05:34:00,Thursday,01:22:00,Acima do esperado
Volta,100,271,8,16308,1559101140,2019-05-29,00:39:00,2019-05-29,01:29:00,Wednesday,00:50:00,Esperado
Volta,100,271,4,16308,1559104140,2019-05-29,01:29:00,2019-05-29,02:28:00,Wednesday,00:59:00,Esperado
Volta,100,271,3,16308,1559107680,2019-05-29,02:28:00,2019-05-29,03:28:00,Wednesday,01:00:00,Acima do esperado
Volta,100,271,0,16308,1559111280,2019-05-29,03:28:00,2019-05-29,04:17:00,Wednesday,00:49:00,Esperado
Volta,100,271,2,16308,1559114220,2019-05-29,04:17:00,2019-05-29,05:37:00,Wednesday,01:20:00,Acima do esperado
Volta,100,263,10,16308,1559014260,2019-05-28,00:31:00,2019-05-28,02:27:00,Tuesday,01:56:00,Acima do esperado
Volta,100,263,1,16308,1559021220,2019-05-28,02:27:00,2019-05-28,03:18:00,Tuesday,00:51:00,Esperado
Volta,100,263,2,16308,1559024280,2019-05-28,03:18:00,2019-05-28,04:14:00,Tuesday,00:56:00,Esperado
Volta,100,263,8,16308,1559027640,2019-05-28,04:14:00,2019-05-28,05:28:00,Tuesday,01:14:00,Acima do esperado
Volta,100,271,8,16308,1558927860,2019-05-27,00:31:00,2019-05-27,01:28:00,Monday,00:57:00,Esperado
Volta,100,271,6,16308,1558931280,2019-05-27,01:28:00,2019-05-27,02:02:00,Monday,00:34:00,Esperado
Volta,100,271,0,16308,1558933320,2019-05-27,02:02:00,2019-05-27,02:27:00,Monday,00:25:00,Esperado
Volta,100,271,2,16308,1558934880,2019-05-27,02:28:00,2019-05-27,03:26:00,Monday,00:58:00,Esperado
Volta,100,271,0,16308,1558938360,2019-05-27,03:26:00,2019-05-27,04:03:00,Monday,00:37:00,Esperado
Volta,100,271,5,16308,1558940580,2019-05-27,04:03:00,2019-05-27,05:31:00,Monday,01:28:00,Acima do esperado
Volta,100,50332,10,16308,1558769340,2019-05-25,04:29:00,2019-05-25,04:57:00,Saturday,00:28:00,Esperado
Volta,100,301,11,16308,1558841520,2019-05-26,00:32:00,2019-05-26,01:04:00,Sunday,00:32:00,Esperado
Volta,100,301,19,16308,1558845000,2019-05-26,01:30:00,2019-05-26,02:06:00,Sunday,00:36:00,Esperado
Volta,100,301,12,16308,1558852140,2019-05-26,03:29:00,2019-05-26,03:59:00,Sunday,00:30:00,Esperado
Volta,100,301,3,16308,1558855920,2019-05-26,04:32:00,2019-05-26,05:01:00,Sunday,00:29:00,Esperado
Volta,100,310,6,16308,1558753260,2019-05-25,00:01:00,2019-05-25,01:27:00,Saturday,01:26:00,Acima do esperado
Volta,100,310,15,16308,1558758420,2019-05-25,01:27:00,2019-05-25,02:08:00,Saturday,00:41:00,Esperado
Volta,100,310,0,16308,1558760880,2019-05-25,02:08:00,2019-05-25,02:25:00,Saturday,00:17:00,Abaixo do esperado
Volta,100,310,8,16308,1558761960,2019-05-25,02:26:00,2019-05-25,03:20:00,Saturday,00:54:00,Esperado
Volta,100,310,6,16308,1558765740,2019-05-25,03:29:00,2019-05-25,04:05:00,Saturday,00:36:00,Esperado
Volta,100,271,23,16308,1558668720,2019-05-24,00:32:00,2019-05-24,01:22:00,Friday,00:50:00,Esperado
Volta,100,271,11,16308,1558671720,2019-05-24,01:22:00,2019-05-24,03:07:00,Friday,01:45:00,Acima do esperado
Volta,100,271,1,16308,1558678020,2019-05-24,03:07:00,2019-05-24,04:16:00,Friday,01:09:00,Acima do esperado
Volta,100,271,8,16308,1558682160,2019-05-24,04:16:00,2019-05-24,05:31:00,Friday,01:15:00,Acima do esperado
Volta,100,271,13,16308,1558582140,2019-05-23,00:29:00,2019-05-23,01:26:00,Thursday,00:57:00,Esperado
Volta,100,271,8,16308,1558585560,2019-05-23,01:26:00,2019-05-23,02:26:00,Thursday,01:00:00,Acima do esperado
Volta,100,271,3,16308,1558589160,2019-05-23,02:26:00,2019-05-23,03:28:00,Thursday,01:02:00,Acima do esperado
Volta,100,271,2,16308,1558592880,2019-05-23,03:28:00,2019-05-23,04:01:00,Thursday,00:33:00,Esperado
Volta,100,271,0,16308,1558594860,2019-05-23,04:01:00,2019-05-23,04:15:00,Thursday,00:14:00,Abaixo do esperado
Volta,100,271,7,16308,1558595700,2019-05-23,04:15:00,2019-05-23,04:47:00,Thursday,00:32:00,Esperado
Volta,100,271,3,16308,1558495680,2019-05-22,00:28:00,2019-05-22,01:31:00,Wednesday,01:03:00,Acima do esperado
Volta,100,271,7,16308,1558499520,2019-05-22,01:32:00,2019-05-22,02:07:00,Wednesday,00:35:00,Esperado
Volta,100,271,1,16308,1558503000,2019-05-22,02:30:00,2019-05-22,03:27:00,Wednesday,00:57:00,Esperado
Volta,100,271,0,16308,1558506420,2019-05-22,03:27:00,2019-05-22,04:13:00,Wednesday,00:46:00,Esperado
Volta,100,271,5,16308,1558509180,2019-05-22,04:13:00,2019-05-22,05:38:00,Wednesday,01:25:00,Acima do esperado
Volta,100,267,3,16308,1558409400,2019-05-21,00:30:00,2019-05-21,01:24:00,Tuesday,00:54:00,Esperado
Volta,100,267,4,16308,1558412640,2019-05-21,01:24:00,2019-05-21,02:01:00,Tuesday,00:37:00,Esperado
Volta,100,267,0,16308,1558414860,2019-05-21,02:01:00,2019-05-21,02:16:00,Tuesday,00:15:00,Abaixo do esperado
Volta,100,267,2,16308,1558415760,2019-05-21,02:16:00,2019-05-21,03:18:00,Tuesday,01:02:00,Acima do esperado
Volta,100,267,1,16308,1558420140,2019-05-21,03:29:00,2019-05-21,04:14:00,Tuesday,00:45:00,Esperado
Volta,100,267,7,16308,1558422840,2019-05-21,04:14:00,2019-05-21,05:36:00,Tuesday,01:22:00,Acima do esperado
Volta,100,271,6,16308,1558323000,2019-05-20,00:30:00,2019-05-20,01:16:00,Monday,00:46:00,Esperado
Volta,100,271,4,16308,1558325760,2019-05-20,01:16:00,2019-05-20,02:11:00,Monday,00:55:00,Esperado
Volta,100,271,1,16308,1558329780,2019-05-20,02:23:00,2019-05-20,03:02:00,Monday,00:39:00,Esperado
Volta,100,271,0,16308,1558332120,2019-05-20,03:02:00,2019-05-20,03:17:00,Monday,00:15:00,Abaixo do esperado
Volta,100,271,0,16308,1558333020,2019-05-20,03:17:00,2019-05-20,04:01:00,Monday,00:44:00,Esperado
Volta,100,271,6,16308,1558336440,2019-05-20,04:14:00,2019-05-20,04:50:00,Monday,00:36:00,Esperado
Volta,100,50332,5,16308,1558164240,2019-05-18,04:24:00,2019-05-18,04:54:00,Saturday,00:30:00,Esperado
Volta,100,303,6,16308,1558236480,2019-05-19,00:28:00,2019-05-19,01:02:00,Sunday,00:34:00,Esperado
Volta,100,303,11,16308,1558240020,2019-05-19,01:27:00,2019-05-19,02:26:00,Sunday,00:59:00,Esperado
Volta,100,303,1,16308,1558243560,2019-05-19,02:26:00,2019-05-19,03:27:00,Sunday,01:01:00,Acima do esperado
Volta,100,303,8,16308,1558247220,2019-05-19,03:27:00,2019-05-19,03:56:00,Sunday,00:29:00,Esperado
Volta,100,303,0,16308,1558248960,2019-05-19,03:56:00,2019-05-19,04:28:00,Sunday,00:32:00,Esperado
Volta,100,303,6,16308,1558250880,2019-05-19,04:28:00,2019-05-19,06:03:00,Sunday,01:35:00,Acima do esperado
Volta,100,310,9,16308,1558150440,2019-05-18,00:34:00,2019-05-18,01:06:00,Saturday,00:32:00,Esperado
Volta,100,310,13,16308,1558154040,2019-05-18,01:34:00,2019-05-18,02:05:00,Saturday,00:31:00,Esperado
Volta,100,310,5,16308,1558157400,2019-05-18,02:30:00,2019-05-18,02:59:00,Saturday,00:29:00,Esperado
Volta,100,310,3,16308,1558161120,2019-05-18,03:32:00,2019-05-18,03:59:00,Saturday,00:27:00,Esperado
Volta,100,267,13,16308,1558063680,2019-05-17,00:28:00,2019-05-17,01:18:00,Friday,00:50:00,Esperado
Volta,100,267,7,16308,1558066680,2019-05-17,01:18:00,2019-05-17,02:04:00,Friday,00:46:00,Esperado
Volta,100,267,0,16308,1558069440,2019-05-17,02:04:00,2019-05-17,02:31:00,Friday,00:27:00,Esperado
Volta,100,267,7,16308,1558071060,2019-05-17,02:31:00,2019-05-17,03:04:00,Friday,00:33:00,Esperado
Volta,100,267,1,16308,1558074180,2019-05-17,03:23:00,2019-05-17,04:01:00,Friday,00:38:00,Esperado
Volta,100,267,5,16308,1558076460,2019-05-17,04:01:00,2019-05-17,05:32:00,Friday,01:31:00,Acima do esperado
Volta,100,271,11,16308,1557977940,2019-05-16,00:39:00,2019-05-16,01:21:00,Thursday,00:42:00,Esperado
Volta,100,271,6,16308,1557980460,2019-05-16,01:21:00,2019-05-16,02:26:00,Thursday,01:05:00,Acima do esperado
Volta,100,271,8,16308,1557984360,2019-05-16,02:26:00,2019-05-16,03:07:00,Thursday,00:41:00,Esperado
Volta,100,272,3,16308,1561952460,2019-07-01,00:41:00,2019-07-01,01:20:00,Monday,00:39:00,Esperado
Volta,100,272,1,16308,1561955340,2019-07-01,01:29:00,2019-07-01,02:01:00,Monday,00:32:00,Esperado
Volta,100,272,0,16308,1561958880,2019-07-01,02:28:00,2019-07-01,02:59:00,Monday,00:31:00,Esperado
Volta,100,272,2,16308,1561962480,2019-07-01,03:28:00,2019-07-01,04:03:00,Monday,00:35:00,Esperado
Volta,100,272,3,16308,1561965540,2019-07-01,04:19:00,2019-07-01,04:54:00,Monday,00:35:00,Esperado
Volta,100,50332,5,16308,1561793400,2019-06-29,04:30:00,2019-06-29,04:56:00,Saturday,00:26:00,Esperado
Volta,100,306,11,16308,1561865520,2019-06-30,00:32:00,2019-06-30,01:14:00,Sunday,00:42:00,Esperado
Volta,100,306,15,16308,1561869000,2019-06-30,01:30:00,2019-06-30,02:07:00,Sunday,00:37:00,Esperado
Volta,100,306,8,16308,1561872480,2019-06-30,02:28:00,2019-06-30,03:03:00,Sunday,00:35:00,Esperado
Volta,100,306,16,16308,1561876080,2019-06-30,03:28:00,2019-06-30,04:08:00,Sunday,00:40:00,Esperado
Volta,100,306,2,16308,1561879740,2019-06-30,04:29:00,2019-06-30,05:00:00,Sunday,00:31:00,Esperado
Volta,100,310,13,16308,1561779240,2019-06-29,00:34:00,2019-06-29,01:04:00,Saturday,00:30:00,Esperado
Volta,100,310,17,16308,1561782780,2019-06-29,01:33:00,2019-06-29,02:05:00,Saturday,00:32:00,Esperado
Volta,100,310,16,16308,1561786320,2019-06-29,02:32:00,2019-06-29,02:59:00,Saturday,00:27:00,Esperado
Volta,100,310,10,16308,1561789800,2019-06-29,03:30:00,2019-06-29,04:01:00,Saturday,00:31:00,Esperado
Volta,100,271,14,16308,1561693500,2019-06-28,00:45:00,2019-06-28,01:14:00,Friday,00:29:00,Esperado
Volta,100,271,11,16308,1561696200,2019-06-28,01:30:00,2019-06-28,02:00:00,Friday,00:30:00,Esperado
Volta,100,271,2,16308,1561699860,2019-06-28,02:31:00,2019-06-28,02:56:00,Friday,00:25:00,Esperado
Volta,100,271,1,16308,1561703280,2019-06-28,03:28:00,2019-06-28,03:56:00,Friday,00:28:00,Esperado
Volta,100,271,11,16308,1561706400,2019-06-28,04:20:00,2019-06-28,04:45:00,Friday,00:25:00,Esperado
Volta,100,271,6,16308,1561606980,2019-06-27,00:43:00,2019-06-27,01:12:00,Thursday,00:29:00,Esperado
Volta,100,271,6,16308,1561609680,2019-06-27,01:28:00,2019-06-27,01:51:00,Thursday,00:23:00,Esperado
Volta,100,271,1,16308,1561613340,2019-06-27,02:29:00,2019-06-27,03:29:00,Thursday,01:00:00,Acima do esperado
Volta,100,271,0,16308,1561616940,2019-06-27,03:29:00,2019-06-27,03:52:00,Thursday,00:23:00,Esperado
Volta,100,271,3,16308,1561620000,2019-06-27,04:20:00,2019-06-27,04:45:00,Thursday,00:25:00,Esperado
Volta,100,271,5,16308,1561520580,2019-06-26,00:43:00,2019-06-26,01:13:00,Wednesday,00:30:00,Esperado
Volta,100,271,4,16308,1561523460,2019-06-26,01:31:00,2019-06-26,01:57:00,Wednesday,00:26:00,Esperado
Volta,100,271,3,16308,1561527000,2019-06-26,02:30:00,2019-06-26,02:55:00,Wednesday,00:25:00,Esperado
Volta,100,271,2,16308,1561530600,2019-06-26,03:30:00,2019-06-26,03:54:00,Wednesday,00:24:00,Esperado
Volta,100,271,4,16308,1561533660,2019-06-26,04:21:00,2019-06-26,04:44:00,Wednesday,00:23:00,Esperado
Volta,100,278,5,16308,1561434360,2019-06-25,00:46:00,2019-06-25,01:17:00,Tuesday,00:31:00,Esperado
Volta,100,278,3,16308,1561437000,2019-06-25,01:30:00,2019-06-25,01:57:00,Tuesday,00:27:00,Esperado
Volta,100,278,0,16308,1561440420,2019-06-25,02:27:00,2019-06-25,02:55:00,Tuesday,00:28:00,Esperado
Volta,100,278,1,16308,1561444200,2019-06-25,03:30:00,2019-06-25,03:55:00,Tuesday,00:25:00,Esperado
Volta,100,278,7,16308,1561447080,2019-06-25,04:18:00,2019-06-25,04:46:00,Tuesday,00:28:00,Esperado
Volta,100,270,1,16308,1561347900,2019-06-24,00:45:00,2019-06-24,01:15:00,Monday,00:30:00,Esperado
Volta,100,270,7,16308,1561351020,2019-06-24,01:37:00,2019-06-24,02:05:00,Monday,00:28:00,Esperado
Volta,100,270,0,16308,1561354200,2019-06-24,02:30:00,2019-06-24,02:57:00,Monday,00:27:00,Esperado
Volta,100,270,1,16308,1561357800,2019-06-24,03:30:00,2019-06-24,03:59:00,Monday,00:29:00,Esperado
Volta,100,270,7,16308,1561360800,2019-06-24,04:20:00,2019-06-24,04:50:00,Monday,00:30:00,Esperado
Volta,100,295,3,16308,1561188420,2019-06-22,04:27:00,2019-06-22,05:12:00,Saturday,00:45:00,Esperado
Volta,100,303,7,16308,1561260480,2019-06-23,00:28:00,2019-06-23,01:05:00,Sunday,00:37:00,Esperado
Volta,100,303,6,16308,1561264020,2019-06-23,01:27:00,2019-06-23,02:04:00,Sunday,00:37:00,Esperado
Volta,100,303,6,16308,1561267680,2019-06-23,02:28:00,2019-06-23,02:59:00,Sunday,00:31:00,Esperado
Volta,100,303,3,16308,1561271280,2019-06-23,03:28:00,2019-06-23,04:01:00,Sunday,00:33:00,Esperado
Volta,100,303,6,16308,1561274940,2019-06-23,04:29:00,2019-06-23,05:03:00,Sunday,00:34:00,Esperado
Volta,100,303,4,16308,1561174260,2019-06-22,00:31:00,2019-06-22,01:00:00,Saturday,00:29:00,Esperado
Volta,100,303,18,16308,1561177800,2019-06-22,01:30:00,2019-06-22,02:05:00,Saturday,00:35:00,Esperado
Volta,100,303,7,16308,1561181400,2019-06-22,02:30:00,2019-06-22,03:01:00,Saturday,00:31:00,Esperado
Volta,100,303,12,16308,1561185000,2019-06-22,03:30:00,2019-06-22,04:00:00,Saturday,00:30:00,Esperado
Volta,100,271,8,16308,1561088460,2019-06-21,00:41:00,2019-06-21,01:11:00,Friday,00:30:00,Esperado
Volta,100,271,7,16308,1561091220,2019-06-21,01:27:00,2019-06-21,01:55:00,Friday,00:28:00,Esperado
Volta,100,271,4,16308,1561094880,2019-06-21,02:28:00,2019-06-21,02:53:00,Friday,00:25:00,Esperado
Volta,100,271,2,16308,1561098480,2019-06-21,03:28:00,2019-06-21,03:54:00,Friday,00:26:00,Esperado
Volta,100,271,9,16308,1561101540,2019-06-21,04:19:00,2019-06-21,04:47:00,Friday,00:28:00,Esperado
Volta,100,303,12,16308,1561001460,2019-06-20,00:31:00,2019-06-20,00:59:00,Thursday,00:28:00,Esperado
Volta,100,303,23,16308,1561004940,2019-06-20,01:29:00,2019-06-20,02:01:00,Thursday,00:32:00,Esperado
Volta,100,303,8,16308,1561008480,2019-06-20,02:28:00,2019-06-20,02:58:00,Thursday,00:30:00,Esperado
Volta,100,303,6,16308,1561012140,2019-06-20,03:29:00,2019-06-20,03:58:00,Thursday,00:29:00,Esperado
Volta,100,303,8,16308,1561015740,2019-06-20,04:29:00,2019-06-20,05:00:00,Thursday,00:31:00,Esperado
Volta,100,268,8,16308,1560914820,2019-06-19,00:27:00,2019-06-19,01:34:00,Wednesday,01:07:00,Acima do esperado
Volta,100,268,5,16308,1560918840,2019-06-19,01:34:00,2019-06-19,02:32:00,Wednesday,00:58:00,Esperado
Volta,100,268,5,16308,1560922320,2019-06-19,02:32:00,2019-06-19,03:31:00,Wednesday,00:59:00,Esperado
Volta,100,268,0,16308,1560925860,2019-06-19,03:31:00,2019-06-19,03:56:00,Wednesday,00:25:00,Esperado
Volta,100,268,0,16308,1560927360,2019-06-19,03:56:00,2019-06-19,04:14:00,Wednesday,00:18:00,Abaixo do esperado
Volta,100,268,4,16308,1560928500,2019-06-19,04:15:00,2019-06-19,05:32:00,Wednesday,01:17:00,Acima do esperado
Volta,100,271,7,16308,1560828720,2019-06-18,00:32:00,2019-06-18,01:17:00,Tuesday,00:45:00,Esperado
Volta,100,271,3,16308,1560832260,2019-06-18,01:31:00,2019-06-18,02:31:00,Tuesday,01:00:00,Acima do esperado
Volta,100,271,3,16308,1560835860,2019-06-18,02:31:00,2019-06-18,03:27:00,Tuesday,00:56:00,Esperado
Volta,100,271,0,16308,1560839220,2019-06-18,03:27:00,2019-06-18,04:17:00,Tuesday,00:50:00,Esperado
Volta,100,271,6,16308,1560842220,2019-06-18,04:17:00,2019-06-18,04:43:00,Tuesday,00:26:00,Esperado
Volta,100,271,6,16308,1560742380,2019-06-17,00:33:00,2019-06-17,01:27:00,Monday,00:54:00,Esperado
Volta,100,271,2,16308,1560745620,2019-06-17,01:27:00,2019-06-17,01:56:00,Monday,00:29:00,Esperado
Volta,100,271,0,16308,1560747420,2019-06-17,01:57:00,2019-06-17,02:28:00,Monday,00:31:00,Esperado
Volta,100,271,4,16308,1560749280,2019-06-17,02:28:00,2019-06-17,03:09:00,Monday,00:41:00,Esperado
Volta,100,271,0,16308,1560752760,2019-06-17,03:26:00,2019-06-17,04:16:00,Monday,00:50:00,Esperado
Volta,100,271,6,16308,1560755760,2019-06-17,04:16:00,2019-06-17,04:46:00,Monday,00:30:00,Esperado
Volta,100,50327,6,16308,1560583500,2019-06-15,04:25:00,2019-06-15,04:55:00,Saturday,00:30:00,Esperado
Volta,100,306,15,16308,1560655740,2019-06-16,00:29:00,2019-06-16,01:07:00,Sunday,00:38:00,Esperado
Volta,100,306,13,16308,1560659160,2019-06-16,01:26:00,2019-06-16,02:00:00,Sunday,00:34:00,Esperado
Volta,100,306,8,16308,1560662700,2019-06-16,02:25:00,2019-06-16,03:26:00,Sunday,01:01:00,Acima do esperado
Volta,100,306,6,16308,1560666360,2019-06-16,03:26:00,2019-06-16,03:53:00,Sunday,00:27:00,Esperado
Volta,100,306,2,16308,1560669000,2019-06-16,04:10:00,2019-06-16,06:15:00,Sunday,02:05:00,Acima do esperado
Volta,100,309,1,16308,1560569760,2019-06-15,00:36:00,2019-06-15,01:10:00,Saturday,00:34:00,Esperado
Volta,100,309,5,16308,1560572760,2019-06-15,01:26:00,2019-06-15,02:02:00,Saturday,00:36:00,Esperado
Volta,100,309,4,16308,1560576420,2019-06-15,02:27:00,2019-06-15,03:01:00,Saturday,00:34:00,Esperado
Volta,100,309,4,16308,1560580140,2019-06-15,03:29:00,2019-06-15,04:02:00,Saturday,00:33:00,Esperado
Volta,100,271,5,16308,1560485580,2019-06-14,01:13:00,2019-06-14,02:00:00,Friday,00:47:00,Esperado
Volta,100,271,3,16308,1560490080,2019-06-14,02:28:00,2019-06-14,02:59:00,Friday,00:31:00,Esperado
Volta,100,271,2,16308,1560493800,2019-06-14,03:30:00,2019-06-14,03:56:00,Friday,00:26:00,Esperado
Volta,100,271,2,16308,1560496800,2019-06-14,04:20:00,2019-06-14,04:50:00,Friday,00:30:00,Esperado
Volta,100,253,5,16308,1564631160,2019-08-01,00:46:00,2019-08-01,01:16:00,Thursday,00:30:00,Esperado
Volta,100,253,9,16308,1564633800,2019-08-01,01:30:00,2019-08-01,02:06:00,Thursday,00:36:00,Esperado
Volta,100,253,4,16308,1564637580,2019-08-01,02:33:00,2019-08-01,03:07:00,Thursday,00:34:00,Esperado
Volta,100,253,1,16308,1564640820,2019-08-01,03:27:00,2019-08-01,03:58:00,Thursday,00:31:00,Esperado
Volta,100,253,5,16308,1564643700,2019-08-01,04:15:00,2019-08-01,04:51:00,Thursday,00:36:00,Esperado
Volta,100,254,10,16308,1564544580,2019-07-31,00:43:00,2019-07-31,01:22:00,Wednesday,00:39:00,Esperado
Volta,100,254,2,16308,1564547340,2019-07-31,01:29:00,2019-07-31,02:05:00,Wednesday,00:36:00,Esperado
Volta,100,254,4,16308,1564551300,2019-07-31,02:35:00,2019-07-31,03:08:00,Wednesday,00:33:00,Esperado
Volta,100,254,1,16308,1564554660,2019-07-31,03:31:00,2019-07-31,04:02:00,Wednesday,00:31:00,Esperado
Volta,100,254,6,16308,1564557420,2019-07-31,04:17:00,2019-07-31,04:52:00,Wednesday,00:35:00,Esperado
Volta,100,254,4,16308,1564458420,2019-07-30,00:47:00,2019-07-30,01:24:00,Tuesday,00:37:00,Esperado
Volta,100,254,6,16308,1564460820,2019-07-30,01:27:00,2019-07-30,01:57:00,Tuesday,00:30:00,Esperado
Volta,100,254,1,16308,1564464600,2019-07-30,02:30:00,2019-07-30,03:09:00,Tuesday,00:39:00,Esperado
Volta,100,254,0,16308,1564468320,2019-07-30,03:32:00,2019-07-30,04:04:00,Tuesday,00:32:00,Esperado
Volta,100,254,5,16308,1564470960,2019-07-30,04:16:00,2019-07-30,04:49:00,Tuesday,00:33:00,Esperado
Volta,100,254,0,16308,1564371780,2019-07-29,00:43:00,2019-07-29,01:16:00,Monday,00:33:00,Esperado
Volta,100,254,3,16308,1564374600,2019-07-29,01:30:00,2019-07-29,02:03:00,Monday,00:33:00,Esperado
Volta,100,254,1,16308,1564378320,2019-07-29,02:32:00,2019-07-29,03:06:00,Monday,00:34:00,Esperado
Volta,100,254,2,16308,1564381680,2019-07-29,03:28:00,2019-07-29,03:58:00,Monday,00:30:00,Esperado
Volta,100,254,3,16308,1564384620,2019-07-29,04:17:00,2019-07-29,04:49:00,Monday,00:32:00,Esperado
Volta,100,301,17,16308,1564284720,2019-07-28,00:32:00,2019-07-28,01:11:00,Sunday,00:39:00,Esperado
Volta,100,301,7,16308,1564288200,2019-07-28,01:30:00,2019-07-28,02:06:00,Sunday,00:36:00,Esperado
Volta,100,301,5,16308,1564291740,2019-07-28,02:29:00,2019-07-28,03:05:00,Sunday,00:36:00,Esperado
Volta,100,301,11,16308,1564295280,2019-07-28,03:28:00,2019-07-28,04:01:00,Sunday,00:33:00,Esperado
Volta,100,301,14,16308,1564298940,2019-07-28,04:29:00,2019-07-28,05:04:00,Sunday,00:35:00,Esperado
Volta,100,50352,12,16308,1564198260,2019-07-27,00:31:00,2019-07-27,01:26:00,Saturday,00:55:00,Esperado
Volta,100,50352,15,16308,1564201740,2019-07-27,01:29:00,2019-07-27,02:03:00,Saturday,00:34:00,Esperado
Volta,100,50352,5,16308,1564205520,2019-07-27,02:32:00,2019-07-27,03:30:00,Saturday,00:58:00,Esperado
Volta,100,50352,7,16308,1564209000,2019-07-27,03:30:00,2019-07-27,04:02:00,Saturday,00:32:00,Esperado
Volta,100,50352,7,16308,1564212660,2019-07-27,04:31:00,2019-07-27,05:03:00,Saturday,00:32:00,Esperado
Volta,100,260,14,16308,1564112640,2019-07-26,00:44:00,2019-07-26,01:21:00,Friday,00:37:00,Esperado
Volta,100,260,7,16308,1564115460,2019-07-26,01:31:00,2019-07-26,02:07:00,Friday,00:36:00,Esperado
Volta,100,260,5,16308,1564119000,2019-07-26,02:30:00,2019-07-26,03:04:00,Friday,00:34:00,Esperado
Volta,100,260,1,16308,1564122360,2019-07-26,03:26:00,2019-07-26,03:58:00,Friday,00:32:00,Esperado
Volta,100,260,8,16308,1564125360,2019-07-26,04:16:00,2019-07-26,04:49:00,Friday,00:33:00,Esperado
Volta,100,253,17,16308,1564026240,2019-07-25,00:44:00,2019-07-25,01:24:00,Thursday,00:40:00,Esperado
Volta,100,253,7,16308,1564028820,2019-07-25,01:27:00,2019-07-25,02:07:00,Thursday,00:40:00,Esperado
Volta,100,253,2,16308,1564032660,2019-07-25,02:31:00,2019-07-25,03:07:00,Thursday,00:36:00,Esperado
Volta,100,253,0,16308,1564036140,2019-07-25,03:29:00,2019-07-25,03:57:00,Thursday,00:28:00,Esperado
Volta,100,253,6,16308,1564039020,2019-07-25,04:17:00,2019-07-25,04:50:00,Thursday,00:33:00,Esperado
Volta,100,254,6,16308,1563939840,2019-07-24,00:44:00,2019-07-24,01:21:00,Wednesday,00:37:00,Esperado
Volta,100,254,7,16308,1563942480,2019-07-24,01:28:00,2019-07-24,02:08:00,Wednesday,00:40:00,Esperado
Volta,100,254,3,16308,1563946500,2019-07-24,02:35:00,2019-07-24,03:13:00,Wednesday,00:38:00,Esperado
Volta,100,254,6,16308,1563949680,2019-07-24,03:28:00,2019-07-24,04:01:00,Wednesday,00:33:00,Esperado
Volta,100,254,5,16308,1563952560,2019-07-24,04:16:00,2019-07-24,04:51:00,Wednesday,00:35:00,Esperado
Volta,100,259,8,16308,1563853500,2019-07-23,00:45:00,2019-07-23,01:20:00,Tuesday,00:35:00,Esperado
Volta,100,259,5,16308,1563856080,2019-07-23,01:28:00,2019-07-23,02:31:00,Tuesday,01:03:00,Acima do esperado
Volta,100,259,1,16308,1563859920,2019-07-23,02:32:00,2019-07-23,03:09:00,Tuesday,00:37:00,Esperado
Volta,100,259,0,16308,1563863340,2019-07-23,03:29:00,2019-07-23,03:59:00,Tuesday,00:30:00,Esperado
Volta,100,259,5,16308,1563866160,2019-07-23,04:16:00,2019-07-23,04:52:00,Tuesday,00:36:00,Esperado
Volta,100,254,3,16308,1563767040,2019-07-22,00:44:00,2019-07-22,01:18:00,Monday,00:34:00,Esperado
Volta,100,254,4,16308,1563769740,2019-07-22,01:29:00,2019-07-22,02:04:00,Monday,00:35:00,Esperado
Volta,100,254,1,16308,1563773460,2019-07-22,02:31:00,2019-07-22,03:05:00,Monday,00:34:00,Esperado
Volta,100,254,4,16308,1563776940,2019-07-22,03:29:00,2019-07-22,04:02:00,Monday,00:33:00,Esperado
Volta,100,254,3,16308,1563779760,2019-07-22,04:16:00,2019-07-22,04:53:00,Monday,00:37:00,Esperado
Volta,100,50332,11,16308,1563607320,2019-07-20,04:22:00,2019-07-20,04:54:00,Saturday,00:32:00,Esperado
Volta,100,300,5,16308,1563679800,2019-07-21,00:30:00,2019-07-21,01:00:00,Sunday,00:30:00,Esperado
Volta,100,300,23,16308,1563683520,2019-07-21,01:32:00,2019-07-21,02:04:00,Sunday,00:32:00,Esperado
Volta,100,300,5,16308,1563686940,2019-07-21,02:29:00,2019-07-21,03:02:00,Sunday,00:33:00,Esperado
Volta,100,300,11,16308,1563690360,2019-07-21,03:26:00,2019-07-21,03:59:00,Sunday,00:33:00,Esperado
Volta,100,300,11,16308,1563694080,2019-07-21,04:28:00,2019-07-21,04:59:00,Sunday,00:31:00,Esperado
Volta,100,309,8,16308,1563593760,2019-07-20,00:36:00,2019-07-20,01:14:00,Saturday,00:38:00,Esperado
Volta,100,309,8,16308,1563596820,2019-07-20,01:27:00,2019-07-20,02:01:00,Saturday,00:34:00,Esperado
Volta,100,309,9,16308,1563600480,2019-07-20,02:28:00,2019-07-20,03:07:00,Saturday,00:39:00,Esperado
Volta,100,309,8,16308,1563604260,2019-07-20,03:31:00,2019-07-20,04:02:00,Saturday,00:31:00,Esperado
Volta,100,271,15,16308,1563507900,2019-07-19,00:45:00,2019-07-19,01:23:00,Friday,00:38:00,Esperado
Volta,100,271,2,16308,1563510600,2019-07-19,01:30:00,2019-07-19,02:01:00,Friday,00:31:00,Esperado
Volta,100,271,13,16308,1563514200,2019-07-19,02:30:00,2019-07-19,03:08:00,Friday,00:38:00,Esperado
Volta,100,271,2,16308,1563517680,2019-07-19,03:28:00,2019-07-19,04:01:00,Friday,00:33:00,Esperado
Volta,100,271,4,16308,1563520560,2019-07-19,04:16:00,2019-07-19,04:49:00,Friday,00:33:00,Esperado
Volta,100,271,15,16308,1563421620,2019-07-18,00:47:00,2019-07-18,01:22:00,Thursday,00:35:00,Esperado
Volta,100,271,8,16308,1563424200,2019-07-18,01:30:00,2019-07-18,02:32:00,Thursday,01:02:00,Acima do esperado
Volta,100,271,4,16308,1563427920,2019-07-18,02:32:00,2019-07-18,03:05:00,Thursday,00:33:00,Esperado
Volta,100,271,1,16308,1563431280,2019-07-18,03:28:00,2019-07-18,04:01:00,Thursday,00:33:00,Esperado
Volta,100,271,2,16308,1563434220,2019-07-18,04:17:00,2019-07-18,04:51:00,Thursday,00:34:00,Esperado
Volta,100,272,11,16308,1563335220,2019-07-17,00:47:00,2019-07-17,01:27:00,Wednesday,00:40:00,Esperado
Volta,100,272,6,16308,1563337620,2019-07-17,01:27:00,2019-07-17,01:54:00,Wednesday,00:27:00,Esperado
Volta,100,272,5,16308,1563341460,2019-07-17,02:31:00,2019-07-17,03:06:00,Wednesday,00:35:00,Esperado
Volta,100,272,1,16308,1563344880,2019-07-17,03:28:00,2019-07-17,04:01:00,Wednesday,00:33:00,Esperado
Volta,100,272,6,16308,1563347820,2019-07-17,04:17:00,2019-07-17,04:50:00,Wednesday,00:33:00,Esperado
Volta,100,271,9,16308,1563248760,2019-07-16,00:46:00,2019-07-16,01:20:00,Tuesday,00:34:00,Esperado
Volta,100,271,3,16308,1563251340,2019-07-16,01:29:00,2019-07-16,01:59:00,Tuesday,00:30:00,Esperado
Volta,100,271,4,16308,1563254940,2019-07-16,02:29:00,2019-07-16,03:04:00,Tuesday,00:35:00,Esperado
Volta,100,271,1,16308,1563258600,2019-07-16,03:30:00,2019-07-16,03:59:00,Tuesday,00:29:00,Esperado
Volta,100,271,6,16308,1563261360,2019-07-16,04:16:00,2019-07-16,04:50:00,Tuesday,00:34:00,Esperado
Volta,100,271,0,16308,1563162240,2019-07-15,00:44:00,2019-07-15,01:16:00,Monday,00:32:00,Esperado
Volta,100,271,4,16308,1563164880,2019-07-15,01:28:00,2019-07-15,02:07:00,Monday,00:39:00,Esperado
Volta,100,271,1,16308,1563168540,2019-07-15,02:29:00,2019-07-15,03:04:00,Monday,00:35:00,Esperado
Volta,100,271,3,16308,1563172020,2019-07-15,03:27:00,2019-07-15,04:03:00,Monday,00:36:00,Esperado
Volta,100,271,6,16308,1563174960,2019-07-15,04:16:00,2019-07-15,04:50:00,Monday,00:34:00,Esperado
Volta,100,50332,20,16308,1563002640,2019-07-13,04:24:00,2019-07-13,04:55:00,Saturday,00:31:00,Esperado
Volta,100,309,6,16308,1563076740,2019-07-14,00:59:00,2019-07-14,01:28:00,Sunday,00:29:00,Esperado
Volta,100,309,11,16308,1563078540,2019-07-14,01:29:00,2019-07-14,02:02:00,Sunday,00:33:00,Esperado
Volta,100,309,5,16308,1563082080,2019-07-14,02:28:00,2019-07-14,03:00:00,Sunday,00:32:00,Esperado
Volta,100,253,9,16308,1569901500,2019-10-01,00:45:00,2019-10-01,01:20:00,Tuesday,00:35:00,Esperado
Volta,100,253,6,16308,1569904260,2019-10-01,01:31:00,2019-10-01,02:08:00,Tuesday,00:37:00,Esperado
Volta,100,253,1,16308,1569907920,2019-10-01,02:32:00,2019-10-01,03:10:00,Tuesday,00:38:00,Esperado
Volta,100,253,1,16308,1569911400,2019-10-01,03:30:00,2019-10-01,04:04:00,Tuesday,00:34:00,Esperado
Volta,100,253,4,16308,1569914100,2019-10-01,04:15:00,2019-10-01,04:50:00,Tuesday,00:35:00,Esperado
Volta,100,254,10,16308,1569815160,2019-09-30,00:46:00,2019-09-30,01:23:00,Monday,00:37:00,Esperado
Volta,100,254,4,16308,1569817740,2019-09-30,01:29:00,2019-09-30,02:06:00,Monday,00:37:00,Esperado
Volta,100,254,3,16308,1569821580,2019-09-30,02:33:00,2019-09-30,03:06:00,Monday,00:33:00,Esperado
Volta,100,254,2,16308,1569825000,2019-09-30,03:30:00,2019-09-30,04:05:00,Monday,00:35:00,Esperado
Volta,100,254,6,16308,1569827760,2019-09-30,04:16:00,2019-09-30,04:53:00,Monday,00:37:00,Esperado
Volta,100,308,12,16308,1569727860,2019-09-29,00:31:00,2019-09-29,01:01:00,Sunday,00:30:00,Esperado
Volta,100,308,7,16308,1569731340,2019-09-29,01:29:00,2019-09-29,02:01:00,Sunday,00:32:00,Esperado
Volta,100,308,3,16308,1569734820,2019-09-29,02:27:00,2019-09-29,02:59:00,Sunday,00:32:00,Esperado
Volta,100,308,13,16308,1569738540,2019-09-29,03:29:00,2019-09-29,03:59:00,Sunday,00:30:00,Esperado
Volta,100,308,7,16308,1569742260,2019-09-29,04:31:00,2019-09-29,05:02:00,Sunday,00:31:00,Esperado
Volta,100,50344,9,16308,1569641520,2019-09-28,00:32:00,2019-09-28,01:08:00,Saturday,00:36:00,Esperado
Volta,100,50344,23,16308,1569644940,2019-09-28,01:29:00,2019-09-28,02:09:00,Saturday,00:40:00,Esperado
Volta,100,50344,34,16308,1569648720,2019-09-28,02:32:00,2019-09-28,03:10:00,Saturday,00:38:00,Esperado
Volta,100,50344,43,16308,1569652080,2019-09-28,03:28:00,2019-09-28,04:06:00,Saturday,00:38:00,Esperado
Volta,100,50344,29,16308,1569655800,2019-09-28,04:30:00,2019-09-28,05:11:00,Saturday,00:41:00,Esperado
Volta,100,254,12,16308,1569555840,2019-09-27,00:44:00,2019-09-27,01:21:00,Friday,00:37:00,Esperado
Volta,100,254,10,16308,1569558780,2019-09-27,01:33:00,2019-09-27,02:08:00,Friday,00:35:00,Esperado
Volta,100,254,6,16308,1569562440,2019-09-27,02:34:00,2019-09-27,03:08:00,Friday,00:34:00,Esperado
Volta,100,254,9,16308,1569565620,2019-09-27,03:27:00,2019-09-27,04:03:00,Friday,00:36:00,Esperado
Volta,100,254,8,16308,1569568560,2019-09-27,04:16:00,2019-09-27,04:53:00,Friday,00:37:00,Esperado
Volta,100,263,16,16308,1569469440,2019-09-26,00:44:00,2019-09-26,01:22:00,Thursday,00:38:00,Esperado
Volta,100,263,9,16308,1569472260,2019-09-26,01:31:00,2019-09-26,02:04:00,Thursday,00:33:00,Esperado
Volta,100,263,8,16308,1569475860,2019-09-26,02:31:00,2019-09-26,03:08:00,Thursday,00:37:00,Esperado
Volta,100,263,1,16308,1569479460,2019-09-26,03:31:00,2019-09-26,04:04:00,Thursday,00:33:00,Esperado
Volta,100,263,4,16308,1569482220,2019-09-26,04:17:00,2019-09-26,04:51:00,Thursday,00:34:00,Esperado
Volta,100,254,6,16308,1569383160,2019-09-25,00:46:00,2019-09-25,01:25:00,Wednesday,00:39:00,Esperado
Volta,100,254,3,16308,1569385680,2019-09-25,01:28:00,2019-09-25,02:04:00,Wednesday,00:36:00,Esperado
Volta,100,254,2,16308,1569389400,2019-09-25,02:30:00,2019-09-25,03:03:00,Wednesday,00:33:00,Esperado
Volta,100,254,1,16308,1569393000,2019-09-25,03:30:00,2019-09-25,04:04:00,Wednesday,00:34:00,Esperado
Volta,100,254,4,16308,1569395640,2019-09-25,04:14:00,2019-09-25,04:53:00,Wednesday,00:39:00,Esperado
Volta,100,263,7,16308,1569296580,2019-09-24,00:43:00,2019-09-24,01:18:00,Tuesday,00:35:00,Esperado
Volta,100,263,3,16308,1569299280,2019-09-24,01:28:00,2019-09-24,02:01:00,Tuesday,00:33:00,Esperado
Volta,100,263,4,16308,1569303180,2019-09-24,02:33:00,2019-09-24,03:07:00,Tuesday,00:34:00,Esperado
Volta,100,263,0,16308,1569306420,2019-09-24,03:27:00,2019-09-24,04:06:00,Tuesday,00:39:00,Esperado
Volta,100,263,4,16308,1569309360,2019-09-24,04:16:00,2019-09-24,04:51:00,Tuesday,00:35:00,Esperado
Volta,100,254,5,16308,1569210180,2019-09-23,00:43:00,2019-09-23,01:16:00,Monday,00:33:00,Esperado
Volta,100,254,6,16308,1569212820,2019-09-23,01:27:00,2019-09-23,02:03:00,Monday,00:36:00,Esperado
Volta,100,254,2,16308,1569216600,2019-09-23,02:30:00,2019-09-23,03:03:00,Monday,00:33:00,Esperado
Volta,100,254,0,16308,1569219960,2019-09-23,03:26:00,2019-09-23,03:58:00,Monday,00:32:00,Esperado
Volta,100,254,5,16308,1569222960,2019-09-23,04:16:00,2019-09-23,04:52:00,Monday,00:36:00,Esperado
Volta,100,307,20,16308,1569122880,2019-09-22,00:28:00,2019-09-22,01:07:00,Sunday,00:39:00,Esperado
Volta,100,307,9,16308,1569126480,2019-09-22,01:28:00,2019-09-22,02:01:00,Sunday,00:33:00,Esperado
Volta,100,307,6,16308,1569130140,2019-09-22,02:29:00,2019-09-22,03:00:00,Sunday,00:31:00,Esperado
Volta,100,307,7,16308,1569133620,2019-09-22,03:27:00,2019-09-22,03:58:00,Sunday,00:31:00,Esperado
Volta,100,307,36,16308,1569137220,2019-09-22,04:27:00,2019-09-22,05:02:00,Sunday,00:35:00,Esperado
Volta,100,50342,14,16308,1569036720,2019-09-21,00:32:00,2019-09-21,01:03:00,Saturday,00:31:00,Esperado
Volta,100,50342,6,16308,1569040140,2019-09-21,01:29:00,2019-09-21,01:58:00,Saturday,00:29:00,Esperado
Volta,100,50342,10,16308,1569043800,2019-09-21,02:30:00,2019-09-21,03:00:00,Saturday,00:30:00,Esperado
Volta,100,50342,11,16308,1569047520,2019-09-21,03:32:00,2019-09-21,04:03:00,Saturday,00:31:00,Esperado
Volta,100,50342,15,16308,1569051060,2019-09-21,04:31:00,2019-09-21,05:01:00,Saturday,00:30:00,Esperado
Volta,100,249,12,16308,1568950980,2019-09-20,00:43:00,2019-09-20,01:17:00,Friday,00:34:00,Esperado
Volta,100,249,8,16308,1568953740,2019-09-20,01:29:00,2019-09-20,02:02:00,Friday,00:33:00,Esperado
Volta,100,249,5,16308,1568957460,2019-09-20,02:31:00,2019-09-20,03:03:00,Friday,00:32:00,Esperado
Volta,100,249,3,16308,1568961420,2019-09-20,03:37:00,2019-09-20,04:08:00,Friday,00:31:00,Esperado
Volta,100,249,10,16308,1568963820,2019-09-20,04:17:00,2019-09-20,04:50:00,Friday,00:33:00,Esperado
Volta,100,254,14,16308,1568864640,2019-09-19,00:44:00,2019-09-19,01:19:00,Thursday,00:35:00,Esperado
Volta,100,254,3,16308,1568867280,2019-09-19,01:28:00,2019-09-19,02:02:00,Thursday,00:34:00,Esperado
Volta,100,254,4,16308,1568870940,2019-09-19,02:29:00,2019-09-19,03:07:00,Thursday,00:38:00,Esperado
Volta,100,254,0,16308,1568874540,2019-09-19,03:29:00,2019-09-19,03:59:00,Thursday,00:30:00,Esperado
Volta,100,254,3,16308,1568877300,2019-09-19,04:15:00,2019-09-19,04:52:00,Thursday,00:37:00,Esperado
Volta,100,253,17,16308,1568778300,2019-09-18,00:45:00,2019-09-18,01:18:00,Wednesday,00:33:00,Esperado
Volta,100,253,9,16308,1568781060,2019-09-18,01:31:00,2019-09-18,02:08:00,Wednesday,00:37:00,Esperado
Volta,100,253,1,16308,1568784600,2019-09-18,02:30:00,2019-09-18,03:01:00,Wednesday,00:31:00,Esperado
Volta,100,253,0,16308,1568788080,2019-09-18,03:28:00,2019-09-18,03:58:00,Wednesday,00:30:00,Esperado
Volta,100,253,4,16308,1568790960,2019-09-18,04:16:00,2019-09-18,04:48:00,Wednesday,00:32:00,Esperado
Volta,100,257,10,16308,1568691780,2019-09-17,00:43:00,2019-09-17,01:19:00,Tuesday,00:36:00,Esperado
Volta,100,257,8,16308,1568694480,2019-09-17,01:28:00,2019-09-17,02:02:00,Tuesday,00:34:00,Esperado
Volta,100,257,2,16308,1568698140,2019-09-17,02:29:00,2019-09-17,03:02:00,Tuesday,00:33:00,Esperado
Volta,100,257,0,16308,1568701680,2019-09-17,03:28:00,2019-09-17,04:04:00,Tuesday,00:36:00,Esperado
Volta,100,257,4,16308,1568704620,2019-09-17,04:17:00,2019-09-17,04:50:00,Tuesday,00:33:00,Esperado
Volta,100,254,1,16308,1568605560,2019-09-16,00:46:00,2019-09-16,01:18:00,Monday,00:32:00,Esperado
Volta,100,254,4,16308,1568608140,2019-09-16,01:29:00,2019-09-16,02:04:00,Monday,00:35:00,Esperado
Volta,100,254,0,16308,1568611800,2019-09-16,02:30:00,2019-09-16,03:03:00,Monday,00:33:00,Esperado
Volta,100,254,0,16308,1568615340,2019-09-16,03:29:00,2019-09-16,04:01:00,Monday,00:32:00,Esperado
Volta,100,254,6,16308,1568618220,2019-09-16,04:17:00,2019-09-16,04:52:00,Monday,00:35:00,Esperado
Volta,100,308,6,16308,1568518140,2019-09-15,00:29:00,2019-09-15,01:04:00,Sunday,00:35:00,Esperado
Volta,100,308,6,16308,1568521740,2019-09-15,01:29:00,2019-09-15,01:59:00,Sunday,00:30:00,Esperado
Volta,100,308,10,16308,1568525280,2019-09-15,02:28:00,2019-09-15,03:01:00,Sunday,00:33:00,Esperado
Volta,100,308,11,16308,1568529000,2019-09-15,03:30:00,2019-09-15,04:01:00,Sunday,00:31:00,Esperado
Volta,100,308,6,16308,1568532600,2019-09-15,04:30:00,2019-09-15,04:59:00,Sunday,00:29:00,Esperado
Volta,100,50343,24,16308,1568432040,2019-09-14,00:34:00,2019-09-14,01:09:00,Saturday,00:35:00,Esperado
Volta,100,50343,15,16308,1568435340,2019-09-14,01:29:00,2019-09-14,02:02:00,Saturday,00:33:00,Esperado
Volta,100,50343,9,16308,1568438760,2019-09-14,02:26:00,2019-09-14,03:02:00,Saturday,00:36:00,Esperado
Volta,100,50343,12,16308,1568442540,2019-09-14,03:29:00,2019-09-14,04:05:00,Saturday,00:36:00,Esperado
Volta,100,50343,9,16308,1568446080,2019-09-14,04:28:00,2019-09-14,05:05:00,Saturday,00:37:00,Esperado
Volta,100,254,12,16308,1568346240,2019-09-13,00:44:00,2019-09-13,01:22:00,Friday,00:38:00,Esperado
Volta,100,264,13,16308,1572579960,2019-11-01,00:46:00,2019-11-01,01:25:00,Friday,00:39:00,Esperado
Volta,100,264,15,16308,1572582420,2019-11-01,01:27:00,2019-11-01,02:08:00,Friday,00:41:00,Esperado
Volta,100,264,4,16308,1572586320,2019-11-01,02:32:00,2019-11-01,03:06:00,Friday,00:34:00,Esperado
Volta,100,264,7,16308,1572589800,2019-11-01,03:30:00,2019-11-01,04:04:00,Friday,00:34:00,Esperado
Volta,100,264,4,16308,1572592680,2019-11-01,04:18:00,2019-11-01,04:53:00,Friday,00:35:00,Esperado
Volta,100,252,13,16308,1572493500,2019-10-31,00:45:00,2019-10-31,01:27:00,Thursday,00:42:00,Esperado
Volta,100,252,6,16308,1572496080,2019-10-31,01:28:00,2019-10-31,02:03:00,Thursday,00:35:00,Esperado
Volta,100,252,5,16308,1572499860,2019-10-31,02:31:00,2019-10-31,03:06:00,Thursday,00:35:00,Esperado
Volta,100,252,2,16308,1572503280,2019-10-31,03:28:00,2019-10-31,04:04:00,Thursday,00:36:00,Esperado
Volta,100,252,4,16308,1572506220,2019-10-31,04:17:00,2019-10-31,04:48:00,Thursday,00:31:00,Esperado
Volta,100,252,1,16308,1572406980,2019-10-30,00:43:00,2019-10-30,01:20:00,Wednesday,00:37:00,Esperado
Volta,100,252,5,16308,1572409680,2019-10-30,01:28:00,2019-10-30,02:01:00,Wednesday,00:33:00,Esperado
Volta,100,252,5,16308,1572413280,2019-10-30,02:28:00,2019-10-30,03:09:00,Wednesday,00:41:00,Esperado
Volta,100,252,6,16308,1572417000,2019-10-30,03:30:00,2019-10-30,04:04:00,Wednesday,00:34:00,Esperado
Volta,100,252,3,16308,1572419700,2019-10-30,04:15:00,2019-10-30,04:52:00,Wednesday,00:37:00,Esperado
Volta,100,257,9,16308,1572320640,2019-10-29,00:44:00,2019-10-29,01:15:00,Tuesday,00:31:00,Esperado
Volta,100,257,4,16308,1572323520,2019-10-29,01:32:00,2019-10-29,02:07:00,Tuesday,00:35:00,Esperado
Volta,100,257,2,16308,1572327180,2019-10-29,02:33:00,2019-10-29,03:10:00,Tuesday,00:37:00,Esperado
Volta,100,257,0,16308,1572330480,2019-10-29,03:28:00,2019-10-29,04:04:00,Tuesday,00:36:00,Esperado
Volta,100,257,12,16308,1572333540,2019-10-29,04:19:00,2019-10-29,04:53:00,Tuesday,00:34:00,Esperado
Volta,100,253,4,16308,1572234240,2019-10-28,00:44:00,2019-10-28,01:17:00,Monday,00:33:00,Esperado
Volta,100,253,5,16308,1572237120,2019-10-28,01:32:00,2019-10-28,02:07:00,Monday,00:35:00,Esperado
Volta,100,253,1,16308,1572240540,2019-10-28,02:29:00,2019-10-28,03:06:00,Monday,00:37:00,Esperado
Volta,100,253,0,16308,1572244200,2019-10-28,03:30:00,2019-10-28,04:00:00,Monday,00:30:00,Esperado
Volta,100,253,6,16308,1572246840,2019-10-28,04:14:00,2019-10-28,04:52:00,Monday,00:38:00,Esperado
Volta,100,308,8,16308,1572146820,2019-10-27,00:27:00,2019-10-27,00:58:00,Sunday,00:31:00,Esperado
Volta,100,308,9,16308,1572150480,2019-10-27,01:28:00,2019-10-27,01:59:00,Sunday,00:31:00,Esperado
Volta,100,308,5,16308,1572154140,2019-10-27,02:29:00,2019-10-27,02:56:00,Sunday,00:27:00,Esperado
Volta,100,308,12,16308,1572157740,2019-10-27,03:29:00,2019-10-27,04:00:00,Sunday,00:31:00,Esperado
Volta,100,308,10,16308,1572161340,2019-10-27,04:29:00,2019-10-27,04:58:00,Sunday,00:29:00,Esperado
Volta,100,50343,5,16308,1572060780,2019-10-26,00:33:00,2019-10-26,01:07:00,Saturday,00:34:00,Esperado
Volta,100,50343,11,16308,1572064020,2019-10-26,01:27:00,2019-10-26,02:05:00,Saturday,00:38:00,Esperado
Volta,100,50343,11,16308,1572067740,2019-10-26,02:29:00,2019-10-26,03:05:00,Saturday,00:36:00,Esperado
Volta,100,50343,11,16308,1572071340,2019-10-26,03:29:00,2019-10-26,04:04:00,Saturday,00:35:00,Esperado
Volta,100,50343,6,16308,1572075060,2019-10-26,04:31:00,2019-10-26,05:04:00,Saturday,00:33:00,Esperado
Volta,100,254,15,16308,1571975040,2019-10-25,00:44:00,2019-10-25,01:24:00,Friday,00:40:00,Esperado
Volta,100,254,10,16308,1571977800,2019-10-25,01:30:00,2019-10-25,02:13:00,Friday,00:43:00,Esperado
Volta,100,254,11,16308,1571981640,2019-10-25,02:34:00,2019-10-25,03:10:00,Friday,00:36:00,Esperado
Volta,100,254,6,16308,1571985180,2019-10-25,03:33:00,2019-10-25,04:09:00,Friday,00:36:00,Esperado
Volta,100,254,8,16308,1571987880,2019-10-25,04:18:00,2019-10-25,04:50:00,Friday,00:32:00,Esperado
Volta,100,252,15,16308,1571888580,2019-10-24,00:43:00,2019-10-24,01:23:00,Thursday,00:40:00,Esperado
Volta,100,252,10,16308,1571891520,2019-10-24,01:32:00,2019-10-24,02:08:00,Thursday,00:36:00,Esperado
Volta,100,252,5,16308,1571895360,2019-10-24,02:36:00,2019-10-24,03:13:00,Thursday,00:37:00,Esperado
Volta,100,252,2,16308,1571898660,2019-10-24,03:31:00,2019-10-24,04:04:00,Thursday,00:33:00,Esperado
Volta,100,252,10,16308,1571901420,2019-10-24,04:17:00,2019-10-24,04:52:00,Thursday,00:35:00,Esperado
Volta,100,254,3,16308,1571802120,2019-10-23,00:42:00,2019-10-23,01:18:00,Wednesday,00:36:00,Esperado
Volta,100,254,6,16308,1571804880,2019-10-23,01:28:00,2019-10-23,02:06:00,Wednesday,00:38:00,Esperado
Volta,100,254,6,16308,1571808900,2019-10-23,02:35:00,2019-10-23,03:13:00,Wednesday,00:38:00,Esperado
Volta,100,254,3,16308,1571812200,2019-10-23,03:30:00,2019-10-23,04:01:00,Wednesday,00:31:00,Esperado
Volta,100,254,6,16308,1571815080,2019-10-23,04:18:00,2019-10-23,04:51:00,Wednesday,00:33:00,Esperado
Volta,100,263,18,16308,1571715780,2019-10-22,00:43:00,2019-10-22,01:27:00,Tuesday,00:44:00,Esperado
Volta,100,263,2,16308,1571718480,2019-10-22,01:28:00,2019-10-22,01:59:00,Tuesday,00:31:00,Esperado
Volta,100,263,8,16308,1571722200,2019-10-22,02:30:00,2019-10-22,03:04:00,Tuesday,00:34:00,Esperado
Volta,100,263,2,16308,1571725800,2019-10-22,03:30:00,2019-10-22,04:04:00,Tuesday,00:34:00,Esperado
Volta,100,263,5,16308,1571728680,2019-10-22,04:18:00,2019-10-22,04:49:00,Tuesday,00:31:00,Esperado
Volta,100,254,3,16308,1571629440,2019-10-21,00:44:00,2019-10-21,01:17:00,Monday,00:33:00,Esperado
Volta,100,254,4,16308,1571632200,2019-10-21,01:30:00,2019-10-21,02:05:00,Monday,00:35:00,Esperado
Volta,100,254,3,16308,1571635860,2019-10-21,02:31:00,2019-10-21,03:07:00,Monday,00:36:00,Esperado
Volta,100,254,2,16308,1571639340,2019-10-21,03:29:00,2019-10-21,04:04:00,Monday,00:35:00,Esperado
Volta,100,254,6,16308,1571642220,2019-10-21,04:17:00,2019-10-21,04:52:00,Monday,00:35:00,Esperado
Volta,100,308,9,16308,1571542080,2019-10-20,00:28:00,2019-10-20,01:08:00,Sunday,00:40:00,Esperado
Volta,100,308,8,16308,1571545740,2019-10-20,01:29:00,2019-10-20,02:04:00,Sunday,00:35:00,Esperado
Volta,100,308,18,16308,1571549280,2019-10-20,02:28:00,2019-10-20,03:00:00,Sunday,00:32:00,Esperado
Volta,100,308,5,16308,1571552880,2019-10-20,03:28:00,2019-10-20,03:58:00,Sunday,00:30:00,Esperado
Volta,100,308,11,16308,1571556480,2019-10-20,04:28:00,2019-10-20,04:59:00,Sunday,00:31:00,Esperado
Volta,100,50341,9,16308,1571455980,2019-10-19,00:33:00,2019-10-19,01:04:00,Saturday,00:31:00,Esperado
Volta,100,50341,11,16308,1571459520,2019-10-19,01:32:00,2019-10-19,02:08:00,Saturday,00:36:00,Esperado
Volta,100,50341,10,16308,1571463060,2019-10-19,02:31:00,2019-10-19,03:03:00,Saturday,00:32:00,Esperado
Volta,100,50341,27,16308,1571466660,2019-10-19,03:31:00,2019-10-19,04:08:00,Saturday,00:37:00,Esperado
Volta,100,50341,14,16308,1571470380,2019-10-19,04:33:00,2019-10-19,05:05:00,Saturday,00:32:00,Esperado
Volta,100,257,8,16308,1571370180,2019-10-18,00:43:00,2019-10-18,01:18:00,Friday,00:35:00,Esperado
Volta,100,257,15,16308,1571373120,2019-10-18,01:32:00,2019-10-18,02:08:00,Friday,00:36:00,Esperado
Volta,100,257,7,16308,1571376960,2019-10-18,02:36:00,2019-10-18,03:11:00,Friday,00:35:00,Esperado
Volta,100,257,3,16308,1571380260,2019-10-18,03:31:00,2019-10-18,04:01:00,Friday,00:30:00,Esperado
Volta,100,257,6,16308,1571383020,2019-10-18,04:17:00,2019-10-18,04:49:00,Friday,00:32:00,Esperado
Volta,100,263,6,16308,1571290380,2019-10-17,02:33:00,2019-10-17,03:10:00,Thursday,00:37:00,Esperado
Volta,100,263,2,16308,1571293860,2019-10-17,03:31:00,2019-10-17,04:01:00,Thursday,00:30:00,Esperado
Volta,100,263,0,16308,1571296620,2019-10-17,04:17:00,2019-10-17,04:49:00,Thursday,00:32:00,Esperado
Volta,100,263,11,16308,1571283960,2019-10-17,00:46:00,2019-10-17,01:16:00,Thursday,00:30:00,Esperado
Volta,100,263,4,16308,1571286540,2019-10-17,01:29:00,2019-10-17,02:04:00,Thursday,00:35:00,Esperado
Volta,100,250,11,16308,1571197500,2019-10-16,00:45:00,2019-10-16,01:21:00,Wednesday,00:36:00,Esperado
Volta,100,250,6,16308,1571200200,2019-10-16,01:30:00,2019-10-16,02:00:00,Wednesday,00:30:00,Esperado
Volta,100,250,9,16308,1571203800,2019-10-16,02:30:00,2019-10-16,03:06:00,Wednesday,00:36:00,Esperado
Volta,100,250,2,16308,1571207280,2019-10-16,03:28:00,2019-10-16,04:01:00,Wednesday,00:33:00,Esperado
Volta,100,250,6,16308,1571210160,2019-10-16,04:16:00,2019-10-16,04:50:00,Wednesday,00:34:00,Esperado
Volta,100,252,14,16308,1571110980,2019-10-15,00:43:00,2019-10-15,01:16:00,Tuesday,00:33:00,Esperado
Volta,100,252,3,16308,1571113680,2019-10-15,01:28:00,2019-10-15,01:57:00,Tuesday,00:29:00,Esperado
Volta,100,287,7,16308,1543631700,2018-12-01,00:35:00,2018-12-01,01:04:00,Saturday,00:29:00,Esperado
Volta,100,287,10,16308,1543635000,2018-12-01,01:30:00,2018-12-01,02:01:00,Saturday,00:31:00,Esperado
Volta,100,287,6,16308,1543638540,2018-12-01,02:29:00,2018-12-01,03:03:00,Saturday,00:34:00,Esperado
Volta,100,287,14,16308,1543642200,2018-12-01,03:30:00,2018-12-01,04:02:00,Saturday,00:32:00,Esperado
Volta,100,287,11,16308,1543645800,2018-12-01,04:30:00,2018-12-01,05:01:00,Saturday,00:31:00,Esperado
Volta,100,273,7,16308,1543545660,2018-11-30,00:41:00,2018-11-30,01:30:00,Friday,00:49:00,Esperado
Volta,100,273,9,16308,1543548600,2018-11-30,01:30:00,2018-11-30,02:27:00,Friday,00:57:00,Esperado
Volta,100,273,9,16308,1543552020,2018-11-30,02:27:00,2018-11-30,03:31:00,Friday,01:04:00,Acima do esperado
Volta,100,273,3,16308,1543555860,2018-11-30,03:31:00,2018-11-30,04:18:00,Friday,00:47:00,Esperado
Volta,100,273,1,16308,1543558740,2018-11-30,04:19:00,2018-11-30,04:49:00,Friday,00:30:00,Esperado
Volta,100,272,14,16308,1543459440,2018-11-29,00:44:00,2018-11-29,01:25:00,Thursday,00:41:00,Esperado
Volta,100,272,10,16308,1543461900,2018-11-29,01:25:00,2018-11-29,02:07:00,Thursday,00:42:00,Esperado
Volta,100,272,5,16308,1543465800,2018-11-29,02:30:00,2018-11-29,03:10:00,Thursday,00:40:00,Esperado
Volta,100,272,4,16308,1543469460,2018-11-29,03:31:00,2018-11-29,04:04:00,Thursday,00:33:00,Esperado
Volta,100,272,2,16308,1543472220,2018-11-29,04:17:00,2018-11-29,04:56:00,Thursday,00:39:00,Esperado
Volta,100,278,15,16308,1543372740,2018-11-28,00:39:00,2018-11-28,01:30:00,Wednesday,00:51:00,Esperado
Volta,100,278,6,16308,1543375800,2018-11-28,01:30:00,2018-11-28,02:03:00,Wednesday,00:33:00,Esperado
Volta,100,278,3,16308,1543379340,2018-11-28,02:29:00,2018-11-28,03:27:00,Wednesday,00:58:00,Esperado
Volta,100,278,2,16308,1543382820,2018-11-28,03:27:00,2018-11-28,04:16:00,Wednesday,00:49:00,Esperado
Volta,100,278,3,16308,1543385760,2018-11-28,04:16:00,2018-11-28,04:49:00,Wednesday,00:33:00,Esperado
Volta,100,273,8,16308,1543286640,2018-11-27,00:44:00,2018-11-27,01:25:00,Tuesday,00:41:00,Esperado
Volta,100,273,1,16308,1543289460,2018-11-27,01:31:00,2018-11-27,02:30:00,Tuesday,00:59:00,Esperado
Volta,100,273,2,16308,1543293000,2018-11-27,02:30:00,2018-11-27,03:27:00,Tuesday,00:57:00,Esperado
Volta,100,273,2,16308,1543296420,2018-11-27,03:27:00,2018-11-27,04:18:00,Tuesday,00:51:00,Esperado
Volta,100,273,5,16308,1543299480,2018-11-27,04:18:00,2018-11-27,04:55:00,Tuesday,00:37:00,Esperado
Volta,100,271,5,16308,1543199280,2018-11-26,00:28:00,2018-11-26,01:28:00,Monday,01:00:00,Acima do esperado
Volta,100,271,5,16308,1543202880,2018-11-26,01:28:00,2018-11-26,02:05:00,Monday,00:37:00,Esperado
Volta,100,271,1,16308,1543206540,2018-11-26,02:29:00,2018-11-26,03:29:00,Monday,01:00:00,Acima do esperado
Volta,100,271,1,16308,1543210140,2018-11-26,03:29:00,2018-11-26,04:13:00,Monday,00:44:00,Esperado
Volta,100,271,2,16308,1543212780,2018-11-26,04:13:00,2018-11-26,04:57:00,Monday,00:44:00,Esperado
Volta,100,254,13,16308,1543113180,2018-11-25,00:33:00,2018-11-25,01:09:00,Sunday,00:36:00,Esperado
Volta,100,254,11,16308,1543116600,2018-11-25,01:30:00,2018-11-25,02:03:00,Sunday,00:33:00,Esperado
Volta,100,254,4,16308,1543120200,2018-11-25,02:30:00,2018-11-25,02:59:00,Sunday,00:29:00,Esperado
Volta,100,254,11,16308,1543123740,2018-11-25,03:29:00,2018-11-25,03:56:00,Sunday,00:27:00,Esperado
Volta,100,254,10,16308,1543127460,2018-11-25,04:31:00,2018-11-25,04:59:00,Sunday,00:28:00,Esperado
Volta,100,279,0,16308,1542953580,2018-11-23,04:13:00,2018-11-23,04:48:00,Friday,00:35:00,Esperado
Volta,100,284,16,16308,1543026900,2018-11-24,00:35:00,2018-11-24,01:19:00,Saturday,00:44:00,Esperado
Volta,100,284,17,16308,1543030080,2018-11-24,01:28:00,2018-11-24,02:28:00,Saturday,01:00:00,Acima do esperado
Volta,100,284,7,16308,1543033680,2018-11-24,02:28:00,2018-11-24,03:22:00,Saturday,00:54:00,Esperado
Volta,100,284,8,16308,1543037400,2018-11-24,03:30:00,2018-11-24,04:28:00,Saturday,00:58:00,Esperado
Volta,100,284,8,16308,1543040880,2018-11-24,04:28:00,2018-11-24,05:07:00,Saturday,00:39:00,Esperado
Volta,100,279,13,16308,1542941100,2018-11-23,00:45:00,2018-11-23,01:23:00,Friday,00:38:00,Esperado
Volta,100,279,11,16308,1542943740,2018-11-23,01:29:00,2018-11-23,02:04:00,Friday,00:35:00,Esperado
Volta,100,279,6,16308,1542947280,2018-11-23,02:28:00,2018-11-23,03:28:00,Friday,01:00:00,Acima do esperado
Volta,100,279,4,16308,1542950880,2018-11-23,03:28:00,2018-11-23,04:13:00,Friday,00:45:00,Esperado
Volta,100,272,13,16308,1542854460,2018-11-22,00:41:00,2018-11-22,01:27:00,Thursday,00:46:00,Esperado
Volta,100,272,6,16308,1542857280,2018-11-22,01:28:00,2018-11-22,02:27:00,Thursday,00:59:00,Esperado
Volta,100,272,1,16308,1542860820,2018-11-22,02:27:00,2018-11-22,03:28:00,Thursday,01:01:00,Acima do esperado
Volta,100,272,0,16308,1542864960,2018-11-22,03:36:00,2018-11-22,04:02:00,Thursday,00:26:00,Esperado
Volta,100,272,4,16308,1542867240,2018-11-22,04:14:00,2018-11-22,04:49:00,Thursday,00:35:00,Esperado
Volta,100,278,14,16308,1542768300,2018-11-21,00:45:00,2018-11-21,01:29:00,Wednesday,00:44:00,Esperado
Volta,100,278,7,16308,1542770940,2018-11-21,01:29:00,2018-11-21,02:26:00,Wednesday,00:57:00,Esperado
Volta,100,278,1,16308,1542774360,2018-11-21,02:26:00,2018-11-21,03:25:00,Wednesday,00:59:00,Esperado
Volta,100,278,2,16308,1542777900,2018-11-21,03:25:00,2018-11-21,04:09:00,Wednesday,00:44:00,Esperado
Volta,100,278,4,16308,1542780780,2018-11-21,04:13:00,2018-11-21,04:51:00,Wednesday,00:38:00,Esperado
Volta,100,274,9,16308,1542681780,2018-11-20,00:43:00,2018-11-20,01:28:00,Tuesday,00:45:00,Esperado
Volta,100,274,4,16308,1542684480,2018-11-20,01:28:00,2018-11-20,03:28:00,Tuesday,02:00:00,Acima do esperado
Volta,100,274,0,16308,1542691680,2018-11-20,03:28:00,2018-11-20,04:15:00,Tuesday,00:47:00,Esperado
Volta,100,274,6,16308,1542694500,2018-11-20,04:15:00,2018-11-20,04:57:00,Tuesday,00:42:00,Esperado
Volta,100,273,15,16308,1542594480,2018-11-19,00:28:00,2018-11-19,01:25:00,Monday,00:57:00,Esperado
Volta,100,276,6,16308,1542598380,2018-11-19,01:33:00,2018-11-19,02:11:00,Monday,00:38:00,Esperado
Volta,100,276,0,16308,1542601860,2018-11-19,02:31:00,2018-11-19,03:27:00,Monday,00:56:00,Esperado
Volta,100,276,5,16308,1542605220,2018-11-19,03:27:00,2018-11-19,04:03:00,Monday,00:36:00,Esperado
Volta,100,276,2,16308,1542608340,2018-11-19,04:19:00,2018-11-19,04:58:00,Monday,00:39:00,Esperado
Volta,100,248,16,16308,1542508140,2018-11-18,00:29:00,2018-11-18,01:27:00,Sunday,00:58:00,Esperado
Volta,100,248,4,16308,1542511620,2018-11-18,01:27:00,2018-11-18,02:26:00,Sunday,00:59:00,Esperado
Volta,100,248,5,16308,1542515160,2018-11-18,02:26:00,2018-11-18,03:29:00,Sunday,01:03:00,Acima do esperado
Volta,100,248,1,16308,1542518940,2018-11-18,03:29:00,2018-11-18,04:28:00,Sunday,00:59:00,Esperado
Volta,100,248,3,16308,1542522480,2018-11-18,04:28:00,2018-11-18,04:57:00,Sunday,00:29:00,Esperado
Volta,100,287,9,16308,1542423540,2018-11-17,00:59:00,2018-11-17,01:29:00,Saturday,00:30:00,Esperado
Volta,100,287,11,16308,1542425340,2018-11-17,01:29:00,2018-11-17,02:04:00,Saturday,00:35:00,Esperado
Volta,100,287,2,16308,1542428940,2018-11-17,02:29:00,2018-11-17,03:03:00,Saturday,00:34:00,Esperado
Volta,100,287,7,16308,1542432660,2018-11-17,03:31:00,2018-11-17,04:06:00,Saturday,00:35:00,Esperado
Volta,100,287,9,16308,1542436260,2018-11-17,04:31:00,2018-11-17,05:01:00,Saturday,00:30:00,Esperado
Volta,100,272,14,16308,1542335220,2018-11-16,00:27:00,2018-11-16,01:22:00,Friday,00:55:00,Esperado
Volta,100,272,13,16308,1542338760,2018-11-16,01:26:00,2018-11-16,02:15:00,Friday,00:49:00,Esperado
Volta,100,272,4,16308,1542342480,2018-11-16,02:28:00,2018-11-16,03:05:00,Friday,00:37:00,Esperado
Volta,100,272,2,16308,1542346020,2018-11-16,03:27:00,2018-11-16,04:03:00,Friday,00:36:00,Esperado
Volta,100,272,5,16308,1542348840,2018-11-16,04:14:00,2018-11-16,04:49:00,Friday,00:35:00,Esperado
Volta,100,247,14,16308,1542249240,2018-11-15,00:34:00,2018-11-15,01:10:00,Thursday,00:36:00,Esperado
Volta,100,271,74,16308,1546309380,2019-01-01,00:23:00,2019-01-01,01:25:00,Tuesday,01:02:00,Acima do esperado
Volta,100,265,90,16308,1546309980,2019-01-01,00:33:00,2019-01-01,01:23:00,Tuesday,00:50:00,Esperado
Volta,100,50323,95,16308,1546310160,2019-01-01,00:36:00,2019-01-01,01:31:00,Tuesday,00:55:00,Esperado
Volta,100,50326,85,16308,1546312200,2019-01-01,01:10:00,2019-01-01,02:04:00,Tuesday,00:54:00,Esperado
Volta,100,264,71,16308,1546312860,2019-01-01,01:21:00,2019-01-01,02:39:00,Tuesday,01:18:00,Acima do esperado
Volta,100,271,79,16308,1546313160,2019-01-01,01:26:00,2019-01-01,02:36:00,Tuesday,01:10:00,Acima do esperado
Volta,100,247,72,16308,1546310040,2019-01-01,00:34:00,2019-01-01,01:55:00,Tuesday,01:21:00,Acima do esperado
Volta,100,247,78,16308,1546316880,2019-01-01,02:28:00,2019-01-01,03:40:00,Tuesday,01:12:00,Acima do esperado
Volta,100,247,43,16308,1546321320,2019-01-01,03:42:00,2019-01-01,04:30:00,Tuesday,00:48:00,Esperado
Volta,100,247,8,16308,1546324200,2019-01-01,04:30:00,2019-01-01,05:02:00,Tuesday,00:32:00,Esperado
Volta,100,281,6,16308,1546223340,2018-12-31,00:29:00,2018-12-31,01:27:00,Monday,00:58:00,Esperado
Volta,100,281,11,16308,1546226820,2018-12-31,01:27:00,2018-12-31,02:29:00,Monday,01:02:00,Acima do esperado
Volta,100,281,4,16308,1546230540,2018-12-31,02:29:00,2018-12-31,03:27:00,Monday,00:58:00,Esperado
Volta,100,281,2,16308,1546234020,2018-12-31,03:27:00,2018-12-31,04:29:00,Monday,01:02:00,Acima do esperado
Volta,100,281,3,16308,1546237800,2018-12-31,04:30:00,2018-12-31,05:14:00,Monday,00:44:00,Esperado
Volta,100,259,9,16308,1546136940,2018-12-30,00:29:00,2018-12-30,01:27:00,Sunday,00:58:00,Esperado
Volta,100,259,9,16308,1546140420,2018-12-30,01:27:00,2018-12-30,02:14:00,Sunday,00:47:00,Esperado
Volta,100,259,5,16308,1546144020,2018-12-30,02:27:00,2018-12-30,02:58:00,Sunday,00:31:00,Esperado
Volta,100,259,2,16308,1546147800,2018-12-30,03:30:00,2018-12-30,03:59:00,Sunday,00:29:00,Esperado
Volta,100,259,0,16308,1546151580,2018-12-30,04:33:00,2018-12-30,05:09:00,Sunday,00:36:00,Esperado
Volta,100,289,12,16308,1546050780,2018-12-29,00:33:00,2018-12-29,01:14:00,Saturday,00:41:00,Esperado
Volta,100,289,7,16308,1546054080,2018-12-29,01:28:00,2018-12-29,02:01:00,Saturday,00:33:00,Esperado
Volta,100,289,6,16308,1546057680,2018-12-29,02:28:00,2018-12-29,03:28:00,Saturday,01:00:00,Acima do esperado
Volta,100,289,10,16308,1546061280,2018-12-29,03:28:00,2018-12-29,03:57:00,Saturday,00:29:00,Esperado
Volta,100,289,8,16308,1546065060,2018-12-29,04:31:00,2018-12-29,05:13:00,Saturday,00:42:00,Esperado
Volta,100,224,15,16308,1545964500,2018-12-28,00:35:00,2018-12-28,01:21:00,Friday,00:46:00,Esperado
Volta,100,224,8,16308,1545967860,2018-12-28,01:31:00,2018-12-28,02:03:00,Friday,00:32:00,Esperado
Volta,100,224,11,16308,1545971340,2018-12-28,02:29:00,2018-12-28,03:19:00,Friday,00:50:00,Esperado
Volta,100,224,3,16308,1545974880,2018-12-28,03:28:00,2018-12-28,04:15:00,Friday,00:47:00,Esperado
Volta,100,224,4,16308,1545977700,2018-12-28,04:15:00,2018-12-28,04:49:00,Friday,00:34:00,Esperado
Volta,100,224,13,16308,1545878340,2018-12-27,00:39:00,2018-12-27,01:18:00,Thursday,00:39:00,Esperado
Volta,100,224,8,16308,1545881340,2018-12-27,01:29:00,2018-12-27,02:30:00,Thursday,01:01:00,Acima do esperado
Volta,100,224,3,16308,1545885000,2018-12-27,02:30:00,2018-12-27,03:01:00,Thursday,00:31:00,Esperado
Volta,100,224,1,16308,1545886860,2018-12-27,03:01:00,2018-12-27,04:13:00,Thursday,01:12:00,Acima do esperado
Volta,100,224,5,16308,1545891180,2018-12-27,04:13:00,2018-12-27,04:51:00,Thursday,00:38:00,Esperado
Volta,100,226,9,16308,1545791520,2018-12-26,00:32:00,2018-12-26,01:19:00,Wednesday,00:47:00,Esperado
Volta,100,226,3,16308,1545794700,2018-12-26,01:25:00,2018-12-26,02:09:00,Wednesday,00:44:00,Esperado
Volta,100,226,1,16308,1545798660,2018-12-26,02:31:00,2018-12-26,03:27:00,Wednesday,00:56:00,Esperado
Volta,100,226,2,16308,1545802080,2018-12-26,03:28:00,2018-12-26,04:17:00,Wednesday,00:49:00,Esperado
Volta,100,226,4,16308,1545805020,2018-12-26,04:17:00,2018-12-26,05:46:00,Wednesday,01:29:00,Acima do esperado
Volta,100,254,5,16308,1545705420,2018-12-25,00:37:00,2018-12-25,01:09:00,Tuesday,00:32:00,Esperado
Volta,100,254,3,16308,1545708660,2018-12-25,01:31:00,2018-12-25,02:00:00,Tuesday,00:29:00,Esperado
Volta,100,254,1,16308,1545712080,2018-12-25,02:28:00,2018-12-25,02:58:00,Tuesday,00:30:00,Esperado
Volta,100,254,1,16308,1545715920,2018-12-25,03:32:00,2018-12-25,03:56:00,Tuesday,00:24:00,Esperado
Volta,100,254,2,16308,1545719280,2018-12-25,04:28:00,2018-12-25,04:56:00,Tuesday,00:28:00,Esperado
Volta,100,249,3,16308,1545546720,2018-12-23,04:32:00,2018-12-23,04:57:00,Sunday,00:25:00,Esperado
Volta,100,273,7,16308,1545618660,2018-12-24,00:31:00,2018-12-24,00:57:00,Monday,00:26:00,Esperado
Volta,100,273,7,16308,1545622080,2018-12-24,01:28:00,2018-12-24,01:58:00,Monday,00:30:00,Esperado
Volta,100,273,7,16308,1545625860,2018-12-24,02:31:00,2018-12-24,02:59:00,Monday,00:28:00,Esperado
Volta,100,273,1,16308,1545629280,2018-12-24,03:28:00,2018-12-24,03:54:00,Monday,00:26:00,Esperado
Volta,100,273,5,16308,1545633060,2018-12-24,04:31:00,2018-12-24,04:57:00,Monday,00:26:00,Esperado
Volta,100,249,13,16308,1545532380,2018-12-23,00:33:00,2018-12-23,01:03:00,Sunday,00:30:00,Esperado
Volta,100,249,7,16308,1545535740,2018-12-23,01:29:00,2018-12-23,02:01:00,Sunday,00:32:00,Esperado
Volta,100,249,5,16308,1545539340,2018-12-23,02:29:00,2018-12-23,02:58:00,Sunday,00:29:00,Esperado
Volta,100,249,4,16308,1545543060,2018-12-23,03:31:00,2018-12-23,04:00:00,Sunday,00:29:00,Esperado
Volta,100,287,8,16308,1545446040,2018-12-22,00:34:00,2018-12-22,01:27:00,Saturday,00:53:00,Esperado
Volta,100,287,9,16308,1545449220,2018-12-22,01:27:00,2018-12-22,02:07:00,Saturday,00:40:00,Esperado
Volta,100,287,19,16308,1545453000,2018-12-22,02:30:00,2018-12-22,04:16:00,Saturday,01:46:00,Acima do esperado
Volta,100,287,0,16308,1545459360,2018-12-22,04:16:00,2018-12-22,04:27:00,Saturday,00:11:00,Abaixo do esperado
Volta,100,287,6,16308,1545460020,2018-12-22,04:27:00,2018-12-22,05:12:00,Saturday,00:45:00,Esperado
Volta,100,278,11,16308,1545359880,2018-12-21,00:38:00,2018-12-21,01:27:00,Friday,00:49:00,Esperado
Volta,100,278,8,16308,1545362880,2018-12-21,01:28:00,2018-12-21,02:32:00,Friday,01:04:00,Acima do esperado
Volta,100,278,7,16308,1545366720,2018-12-21,02:32:00,2018-12-21,03:29:00,Friday,00:57:00,Esperado
Volta,100,278,4,16308,1545370140,2018-12-21,03:29:00,2018-12-21,04:15:00,Friday,00:46:00,Esperado
Volta,100,278,4,16308,1545373020,2018-12-21,04:17:00,2018-12-21,04:49:00,Friday,00:32:00,Esperado
Volta,100,276,21,16308,1545202740,2018-12-19,04:59:00,2018-12-19,05:48:00,Wednesday,00:49:00,Esperado
Volta,100,4406,0,16308,1545246180,2018-12-19,17:03:00,2018-12-19,17:13:00,Wednesday,00:10:00,Abaixo do esperado
Volta,100,273,10,16308,1545273240,2018-12-20,00:34:00,2018-12-20,01:27:00,Thursday,00:53:00,Esperado
Volta,100,273,11,16308,1545276420,2018-12-20,01:27:00,2018-12-20,02:09:00,Thursday,00:42:00,Esperado
Volta,100,273,11,16308,1545280080,2018-12-20,02:28:00,2018-12-20,04:58:00,Thursday,02:30:00,Acima do esperado
Volta,100,278,15,16308,1545186840,2018-12-19,00:34:00,2018-12-19,01:26:00,Wednesday,00:52:00,Esperado
Volta,100,278,10,16308,1545190080,2018-12-19,01:28:00,2018-12-19,02:05:00,Wednesday,00:37:00,Esperado
Volta,100,276,5,16308,1545193260,2018-12-19,02:21:00,2018-12-19,03:10:00,Wednesday,00:49:00,Esperado
Volta,100,276,1,16308,1545198360,2018-12-19,03:46:00,2018-12-19,04:14:00,Wednesday,00:28:00,Esperado
Volta,100,276,5,16308,1545200040,2018-12-19,04:14:00,2018-12-19,04:58:00,Wednesday,00:44:00,Esperado
Volta,100,273,13,16308,1545101100,2018-12-18,00:45:00,2018-12-18,01:29:00,Tuesday,00:44:00,Esperado
Volta,100,273,4,16308,1545103740,2018-12-18,01:29:00,2018-12-18,02:20:00,Tuesday,00:51:00,Esperado
Volta,100,273,6,16308,1545107340,2018-12-18,02:29:00,2018-12-18,03:30:00,Tuesday,01:01:00,Acima do esperado
Volta,100,273,2,16308,1545111000,2018-12-18,03:30:00,2018-12-18,04:16:00,Tuesday,00:46:00,Esperado
Volta,100,273,2,16308,1545113760,2018-12-18,04:16:00,2018-12-18,04:58:00,Tuesday,00:42:00,Esperado
Volta,100,272,10,16308,1545014400,2018-12-17,00:40:00,2018-12-17,01:25:00,Monday,00:45:00,Esperado
Volta,100,272,11,16308,1545017340,2018-12-17,01:29:00,2018-12-17,02:08:00,Monday,00:39:00,Esperado
Volta,100,272,6,16308,1545020820,2018-12-17,02:27:00,2018-12-17,03:29:00,Monday,01:02:00,Acima do esperado
Volta,100,272,3,16308,1545024540,2018-12-17,03:29:00,2018-12-17,04:15:00,Monday,00:46:00,Esperado
Volta,100,272,3,16308,1545027300,2018-12-17,04:15:00,2018-12-17,04:36:00,Monday,00:21:00,Abaixo do esperado
Volta,100,272,0,16308,1545028560,2018-12-17,04:36:00,2018-12-17,04:57:00,Monday,00:21:00,Abaixo do esperado
Volta,100,254,11,16308,1544927400,2018-12-16,00:30:00,2018-12-16,01:29:00,Sunday,00:59:00,Esperado
Volta,100,254,10,16308,1544930940,2018-12-16,01:29:00,2018-12-16,02:30:00,Sunday,01:01:00,Acima do esperado
Volta,100,254,10,16308,1544934600,2018-12-16,02:30:00,2018-12-16,03:28:00,Sunday,00:58:00,Esperado
